length,num_links,num_special_chars,num_keywords,num_urls,num_domains,num_ip_addresses,html_tags,js_code
1089,2,40,0,2,2,0,True,False
1361,3,50,1,3,3,0,True,False
3330,9,128,1,9,5,0,True,False
568,1,11,8,1,1,0,True,False
1326,2,34,1,1,1,0,True,False
790,4,55,6,2,1,0,True,False
1027,4,44,3,4,4,0,True,False
746,1,30,9,1,1,0,True,False
3171,19,143,5,18,2,0,True,False
1738,2,36,6,2,2,0,True,False
549,2,31,4,1,1,0,True,False
2695,13,106,5,13,4,0,True,False
1457,3,52,2,3,3,0,True,False
1438,0,47,0,0,0,0,False,False
1445,0,44,2,0,0,0,False,False
870,4,33,8,3,3,0,True,False
1224,6,70,1,6,5,0,True,False
1315,11,57,1,6,4,0,True,False
271,0,6,0,0,0,0,False,False
5447,15,286,11,13,4,0,True,False
417,0,9,0,0,0,0,False,False
439,0,10,0,0,0,0,False,False
864,2,28,7,2,1,0,True,False
864,2,28,7,2,1,0,True,False
663,2,19,6,2,2,0,True,False
4634,13,102,0,13,9,0,True,False
1203,4,48,0,4,3,0,True,False
496,0,8,0,0,0,0,False,False
1701,2,38,2,2,2,0,True,False
433,1,20,1,1,1,0,True,False
626,0,11,1,0,0,0,False,False
1244,1,23,1,1,1,0,False,False
768,1,13,8,1,1,0,True,False
298,0,4,2,0,0,0,False,False
619,0,16,1,0,0,0,False,False
334,0,14,0,0,0,0,False,False
480,0,17,0,0,0,0,False,False
909,2,19,8,2,2,0,True,False
553,5,34,4,5,1,0,True,False
660,0,46,0,0,0,0,True,False
482,0,6,3,0,0,0,False,False
1257,6,55,0,5,4,0,True,False
1348,7,78,0,7,3,0,True,False
1040,2,33,3,2,1,0,True,False
799,2,38,3,1,1,0,True,False
1066,0,27,0,0,0,0,True,False
1148,1,27,4,1,1,0,True,False
1117,0,28,0,0,0,0,False,False
6915,0,502,1,0,0,14,False,False
384,0,14,0,0,0,0,False,False
1071,0,27,0,0,0,0,False,False
237,0,4,0,0,0,0,False,False
636,0,20,0,0,0,0,False,False
622,0,19,0,0,0,0,True,False
203,1,9,3,1,1,0,True,False
353,1,12,3,1,1,0,True,False
88,0,2,0,0,0,0,False,False
3283,0,148,1,0,0,0,False,False
161,0,6,0,0,0,0,False,False
174,0,4,0,0,0,0,False,False
141,0,4,0,0,0,0,False,False
2444,4,77,1,4,3,0,True,False
373,0,18,0,0,0,0,True,False
167,0,3,0,0,0,0,False,False
491,0,13,2,0,0,0,False,False
710,1,28,1,1,1,0,True,False
947,1,19,3,1,1,0,True,False
855,1,29,1,1,1,0,False,False
596,0,16,2,0,0,0,False,False
3040,1,20,1,1,1,0,True,False
1492,1,44,1,1,1,0,True,False
505,1,21,3,1,1,0,True,False
1246,2,50,13,2,2,0,True,False
1338,1,28,0,1,1,0,True,False
134,0,3,0,0,0,0,False,False
1540,0,48,2,0,0,0,False,False
454,0,8,2,0,0,0,False,False
645,2,41,4,2,1,0,True,False
186,0,5,0,0,0,0,False,False
835,0,23,0,0,0,0,False,False
109,0,3,0,0,0,0,False,False
238,0,5,0,0,0,0,False,False
133,0,12,0,0,0,0,False,False
384,0,13,0,0,0,0,False,False
453,0,13,0,0,0,0,False,False
453,0,13,0,0,0,0,False,False
956,2,43,12,2,1,0,True,False
436,0,8,0,0,0,0,False,False
380,1,14,0,1,1,0,True,False
1646,8,95,4,8,7,0,True,False
319,0,6,0,0,0,0,False,False
1656,8,104,6,8,7,0,True,False
1037,4,57,1,3,2,0,True,False
1352,5,76,2,5,4,0,True,False
578,2,27,5,2,1,0,True,False
1077,0,27,0,0,0,0,True,False
547,0,12,0,0,0,0,False,False
55,0,1,0,0,0,0,False,False
1558,0,24,0,0,0,0,False,False
1506,2,27,3,2,1,0,True,False
298,1,13,0,1,1,0,False,False
371,0,7,1,0,0,0,False,False
1226,0,30,0,0,0,0,True,False
1126,2,31,1,2,2,0,True,False
763,3,21,4,3,2,0,True,False
1704,2,35,0,2,1,0,False,False
536,1,15,2,1,1,0,True,False
445,0,7,1,0,0,0,False,False
391,1,9,5,1,1,0,True,False
537,1,12,5,1,1,0,True,False
322,0,3,0,0,0,0,False,False
326,0,7,0,0,0,0,False,False
1134,0,53,3,0,0,0,True,False
227,0,4,0,0,0,0,False,False
449,0,10,2,0,0,0,False,False
1435,3,62,2,3,2,0,True,False
625,2,21,3,2,1,0,True,False
1092,2,30,5,2,1,0,True,False
346,0,16,1,0,0,0,False,False
1115,5,73,0,5,4,0,True,False
82,0,2,0,0,0,0,False,False
587,0,10,2,0,0,0,False,False
1457,0,32,0,0,0,0,False,False
557,0,28,0,0,0,0,True,False
1302,0,38,0,0,0,0,False,False
1074,0,35,4,0,0,0,False,False
460,0,8,2,0,0,0,False,False
606,0,11,2,0,0,0,False,False
270,0,8,0,0,0,0,False,False
304,0,9,0,0,0,0,False,False
485,0,11,0,0,0,0,False,False
128,0,4,0,0,0,0,False,False
331,0,11,0,0,0,0,False,False
63,0,2,0,0,0,0,False,False
55,0,1,0,0,0,0,False,False
563,0,11,1,0,0,0,False,False
800,0,17,0,0,0,0,False,False
256,0,4,0,0,0,0,False,False
954,1,34,2,1,1,0,True,False
181,0,3,0,0,0,0,False,False
229,1,7,4,1,1,0,True,False
1248,0,23,1,0,0,0,False,False
317,0,6,0,0,0,0,False,False
269,0,6,0,0,0,0,False,False
935,1,43,1,1,1,0,True,False
209,1,7,2,1,1,0,False,False
209,1,7,2,1,1,0,False,False
1595,0,33,1,0,0,0,False,False
1595,0,33,1,0,0,0,False,False
610,1,19,3,1,1,0,True,False
466,0,12,1,0,0,0,False,False
53,0,1,0,0,0,0,False,False
505,0,8,3,0,0,0,False,False
1001,0,22,0,0,0,0,False,False
935,1,15,3,1,1,0,True,False
1044,0,39,1,0,0,0,False,False
638,0,10,2,0,0,0,False,False
10,0,0,0,0,0,0,False,False
419,1,34,0,1,1,0,True,False
533,1,37,3,1,1,0,True,False
359,0,6,0,0,0,0,False,False
321,0,7,0,0,0,0,False,False
758,0,30,0,0,0,0,True,False
758,0,29,0,0,0,0,True,False
314,0,8,0,0,0,0,False,False
450,1,21,0,1,1,0,True,False
1063,1,21,2,1,1,0,True,False
646,0,9,3,0,0,0,False,False
1280,2,76,0,2,2,0,True,False
97,0,0,0,0,0,0,False,False
190,1,9,3,1,1,0,True,False
1214,1,27,4,1,1,0,True,False
1062,1,24,2,1,1,0,True,False
203,1,8,2,1,1,0,False,False
569,0,13,0,0,0,0,False,False
190,0,4,0,0,0,0,False,False
598,1,13,3,1,1,0,True,False
1038,2,61,3,2,1,0,True,False
645,0,18,2,0,0,0,False,False
645,0,18,2,0,0,0,False,False
379,0,7,0,0,0,0,False,False
372,0,8,0,0,0,0,False,False
226,0,13,0,0,0,0,False,False
58,0,2,0,0,0,0,False,False
462,0,7,2,0,0,0,False,False
516,0,6,2,0,0,0,False,False
1323,2,145,3,2,2,0,True,False
484,0,9,0,0,0,0,False,False
41,0,2,0,0,0,0,False,False
1305,2,145,3,2,2,0,True,False
1688,8,87,0,8,4,0,True,False
135,0,4,0,0,0,0,False,False
2486,7,81,2,6,4,0,True,False
2486,7,81,2,6,4,0,True,False
579,1,15,1,1,1,0,True,False
579,1,15,1,1,1,0,True,False
725,1,18,1,1,1,0,True,False
803,2,35,0,2,1,0,True,False
803,2,35,0,2,1,0,True,False
62,0,1,0,0,0,0,False,False
62,0,1,0,0,0,0,False,False
3499,1,147,3,1,1,0,False,False
931,1,39,4,1,1,0,True,False
931,1,39,4,1,1,0,True,False
1080,0,33,2,0,0,0,False,False
1080,0,33,2,0,0,0,False,False
9726,14,121,14,14,2,0,True,False
9726,14,121,14,14,2,0,True,False
41,0,1,0,0,0,0,False,False
41,0,1,0,0,0,0,False,False
335,0,10,0,0,0,0,False,False
124,0,13,0,0,0,0,True,False
1524,5,48,5,5,1,0,True,False
951,1,25,1,1,1,0,False,False
951,1,25,1,1,1,0,False,False
1702,5,77,3,5,4,0,True,False
91,0,1,0,0,0,0,False,False
91,0,1,0,0,0,0,False,False
1155,1,36,2,1,1,0,True,False
1155,1,36,2,1,1,0,True,False
152,0,2,0,0,0,0,False,False
152,0,2,0,0,0,0,False,False
672,2,31,1,1,1,0,True,False
672,2,31,1,1,1,0,True,False
330,1,15,5,1,1,0,True,False
330,1,15,5,1,1,0,True,False
56,0,4,0,0,0,0,False,False
56,0,4,0,0,0,0,False,False
246,0,6,0,0,0,0,False,False
246,0,6,0,0,0,0,False,False
597,0,20,3,0,0,0,False,False
1272,5,61,0,5,3,0,True,False
1272,5,61,0,5,3,0,True,False
985,0,32,1,0,0,0,False,False
985,0,32,1,0,0,0,False,False
3022,0,60,0,0,0,0,False,False
6565,33,210,2,33,3,0,True,False
6565,33,210,2,33,3,0,True,False
837,0,24,0,0,0,0,False,False
186,1,6,0,1,1,0,False,False
1353,6,60,0,6,4,0,True,False
460,0,17,1,0,0,0,True,False
40,1,3,0,1,1,0,False,False
40,1,3,0,1,1,0,False,False
957,1,24,5,1,1,0,True,False
2486,7,81,2,6,4,0,True,False
725,1,18,1,1,1,0,True,False
1748,2,48,1,2,2,0,True,False
1155,5,59,0,5,3,0,True,False
526,3,35,1,3,1,0,True,False
211,0,6,0,0,0,0,False,False
1275,0,48,2,0,0,0,False,False
1675,8,85,0,8,4,0,True,False
1422,0,50,3,0,0,0,False,False
291,0,8,0,0,0,0,False,False
170,0,9,0,0,0,0,True,False
209,0,6,0,0,0,0,False,False
93,0,4,0,0,0,0,False,False
3614,10,235,5,10,2,0,True,False
186,1,6,0,1,1,0,False,False
332,0,7,0,0,0,0,False,False
186,1,6,0,1,1,0,False,False
186,1,6,0,1,1,0,False,False
34,0,1,0,0,0,0,False,False
357,1,17,3,1,1,0,True,False
190,1,8,3,1,1,0,True,False
542,0,29,0,0,0,0,False,False
642,0,16,2,0,0,0,False,False
1170,6,43,4,6,2,0,True,False
56,0,4,0,0,0,0,False,False
1512,5,66,3,5,3,0,True,False
857,1,30,0,1,1,0,True,False
694,0,28,0,0,0,0,False,False
853,1,30,0,1,1,0,True,False
190,1,6,0,1,1,0,False,False
40,1,3,0,1,1,0,False,False
28,1,2,0,1,1,0,False,False
40,1,3,0,1,1,0,False,False
4159,1,175,0,1,1,0,True,False
760,1,30,7,1,1,0,True,False
859,1,30,0,1,1,0,True,False
56,0,4,0,0,0,0,False,False
976,3,31,0,3,2,0,True,False
1063,0,36,3,0,0,0,False,False
712,1,27,0,1,1,0,True,False
15545,13,133,12,13,2,0,True,False
1069,0,36,3,0,0,0,False,False
524,1,23,1,1,1,0,True,False
562,2,25,2,1,1,0,True,False
725,1,18,1,1,1,0,True,False
58,0,4,0,0,0,0,False,False
90,0,6,1,0,0,0,False,False
955,5,40,6,5,2,0,True,False
100,0,4,0,0,0,0,False,False
111,0,5,0,0,0,0,False,False
152,0,2,2,0,0,0,False,False
332,1,9,0,1,1,0,False,False
363,2,25,0,2,2,0,True,False
971,0,25,1,0,0,0,False,False
989,0,26,1,0,0,0,False,False
1212,0,34,2,0,0,0,False,False
1089,0,31,2,0,0,0,False,False
1238,0,49,2,0,0,0,False,False
1338,0,43,2,0,0,0,False,False
960,0,37,1,0,0,0,False,False
463,0,14,0,0,0,0,False,False
333,0,14,0,0,0,0,False,False
196,0,3,0,0,0,0,False,False
1211,0,42,3,0,0,0,False,False
278,0,6,1,0,0,0,False,False
519,0,6,2,0,0,0,False,False
525,0,6,2,0,0,0,False,False
3553,3,127,0,3,1,0,True,False
665,0,9,2,0,0,0,False,False
594,0,22,0,0,0,0,False,False
1919,1,49,0,1,1,0,True,False
506,0,16,0,0,0,0,False,False
92,0,2,0,0,0,0,False,False
4957,0,122,8,0,0,0,False,False
58,0,4,0,0,0,0,False,False
758,0,26,0,0,0,0,False,False
4949,0,122,8,0,0,0,False,False
318,0,11,3,0,0,0,False,False
245,0,15,0,0,0,0,True,False
455,0,21,0,0,0,0,False,False
279,0,4,0,0,0,0,False,False
1162,0,40,0,0,0,0,True,False
861,0,30,1,0,0,0,False,False
945,2,28,0,2,1,0,False,False
1158,0,36,0,0,0,0,False,False
430,0,17,0,0,0,0,False,False
1776,0,81,2,0,0,0,False,False
1242,1,54,0,1,1,0,False,False
972,2,31,1,2,2,0,False,False
130,0,3,0,0,0,0,False,False
2033,1,63,2,1,1,0,False,False
4912,1,164,3,1,1,0,False,False
242,0,7,0,0,0,0,False,False
3029,1,66,0,1,1,0,False,False
1823,1,48,0,1,1,0,False,False
4580,1,143,0,1,1,0,False,False
6194,1,148,1,1,1,0,False,False
3696,1,93,0,1,1,0,False,False
770,1,24,0,1,1,0,False,False
243,0,13,0,0,0,0,False,False
399,1,14,0,1,1,0,False,False
4055,3,44,3,3,1,0,False,False
824,0,34,0,0,0,0,False,False
424,0,5,0,0,0,0,False,False
577,2,28,0,1,1,0,False,False
416,0,10,0,0,0,0,False,False
8151,13,85,15,13,2,0,False,False
409,0,11,0,0,0,0,False,False
602,2,31,2,2,1,0,False,False
54,0,4,0,0,0,0,False,False
804,0,23,1,0,0,0,False,False
375,1,18,3,1,1,0,False,False
1638,8,60,0,8,3,0,False,False
594,0,26,0,0,0,0,False,False
567,0,15,0,0,0,0,False,False
314,1,13,1,1,1,0,False,False
2728,0,67,3,0,0,0,False,False
680,1,22,1,1,1,0,False,False
1115,5,50,0,5,4,0,False,False
2987,3,51,0,3,2,0,False,False
3092,3,51,0,3,2,0,False,False
285,2,8,0,2,1,0,False,False
1129,3,26,1,3,3,0,False,False
705,2,38,9,2,1,0,False,False
2381,0,44,1,0,0,0,False,False
824,1,17,2,1,1,0,False,False
1126,1,30,2,1,1,0,False,False
476,2,22,1,1,1,0,False,False
1373,6,55,1,6,4,0,False,False
1373,6,55,1,6,4,0,False,False
1161,0,39,3,0,0,0,False,False
376,0,17,0,0,0,0,False,False
332,0,5,0,0,0,0,False,False
58,1,9,0,1,1,0,False,False
328,1,11,1,1,1,0,False,False
1318,4,81,2,4,1,0,False,False
186,1,6,0,1,1,0,False,False
451,0,15,0,0,0,0,False,False
1399,1,37,0,1,1,0,False,False
672,1,28,0,1,1,0,False,False
672,1,28,0,1,1,0,False,False
526,1,25,0,1,1,0,False,False
526,1,25,0,1,1,0,False,False
526,1,25,0,1,1,0,False,False
214,0,15,0,0,0,0,False,False
526,1,25,0,1,1,0,False,False
895,2,38,5,2,2,0,False,False
186,1,6,0,1,1,0,False,False
2459,15,103,1,14,1,0,False,False
276,0,7,0,0,0,0,False,False
894,5,43,0,5,3,0,False,False
232,0,11,0,0,0,0,False,False
230,0,11,0,0,0,0,False,False
176,0,3,0,0,0,0,False,False
413,0,12,0,0,0,0,False,False
28,1,2,0,1,1,0,False,False
2585,12,133,3,12,2,0,True,False
374,0,17,0,0,0,0,False,False
600,0,32,0,0,0,0,False,False
174,1,5,0,1,1,0,False,False
96,0,4,0,0,0,0,False,False
327,1,11,3,1,1,0,True,False
153,0,3,0,0,0,0,False,False
68,0,5,0,0,0,0,False,False
2376,5,50,1,5,2,0,True,False
529,1,29,1,1,1,0,True,False
69,0,5,0,0,0,0,False,False
316,0,12,0,0,0,0,False,False
194,0,4,0,0,0,0,False,False
963,0,27,2,0,0,0,False,False
421,0,10,0,0,0,0,False,False
1804,0,73,1,0,0,0,False,False
704,3,20,0,3,3,0,True,False
421,0,10,0,0,0,0,False,False
450,0,8,2,0,0,0,False,False
597,0,18,0,0,0,0,False,False
186,1,6,0,1,1,0,False,False
134,0,5,0,0,0,0,False,False
628,1,12,1,1,1,0,True,False
96,0,4,0,0,0,0,False,False
244,2,14,0,1,1,0,True,False
5734,1,220,14,1,1,0,True,False
59,0,2,0,0,0,0,False,False
1360,2,37,0,2,2,1,False,False
514,2,18,2,1,1,0,True,False
218,0,4,0,0,0,0,False,False
15,0,0,0,0,0,0,False,False
861,0,40,3,0,0,0,True,False
1110,0,24,0,0,0,0,True,False
429,0,8,3,0,0,0,False,False
9,0,0,0,0,0,0,False,False
525,0,18,1,0,0,0,True,False
790,1,32,0,1,1,0,False,False
429,0,34,0,0,0,0,False,False
1211,6,64,0,6,2,0,True,False
690,2,28,0,2,2,0,True,False
671,0,21,1,0,0,0,True,False
919,1,37,2,1,1,0,False,False
2016,6,120,2,6,1,0,True,False
187,0,6,0,0,0,0,False,False
136,0,4,0,0,0,0,False,False
1211,6,64,0,6,2,0,True,False
877,0,29,1,0,0,0,False,False
295,0,7,0,0,0,0,False,False
713,1,27,0,1,1,0,True,False
196,1,14,3,1,1,0,True,False
4725,3,32,1,3,1,0,True,False
233,0,13,0,0,0,0,False,False
454,0,12,3,0,0,0,False,False
67,0,4,0,0,0,0,False,False
618,3,24,4,2,2,0,False,False
167,0,4,0,0,0,0,False,False
19,0,1,0,0,0,0,False,False
284,0,7,0,0,0,0,False,False
250,0,6,0,0,0,0,False,False
421,0,9,0,0,0,0,False,False
1526,3,44,2,3,1,0,True,False
1073,0,50,2,0,0,0,False,False
447,0,12,3,0,0,0,False,False
2171,7,110,3,7,3,0,True,False
2160,7,86,0,7,3,0,True,False
604,0,9,2,0,0,0,False,False
458,0,6,2,0,0,0,False,False
59,0,2,0,0,0,0,False,False
1210,6,64,0,6,2,0,True,False
1042,0,21,3,0,0,0,False,False
4446,3,29,1,3,1,0,True,False
158,0,3,0,0,0,0,False,False
958,3,35,0,3,3,0,True,False
294,0,11,0,0,0,0,False,False
4615,3,46,10,3,1,0,True,False
685,0,21,1,0,0,0,True,False
12,0,0,0,0,0,0,False,False
224,0,6,0,0,0,0,False,False
606,2,28,5,1,1,0,True,False
71,0,7,0,0,0,0,False,False
404,0,32,1,0,0,0,False,False
1337,1,72,1,1,1,0,True,False
284,0,8,0,0,0,0,False,False
402,0,14,0,0,0,0,False,False
681,3,18,3,3,2,0,True,False
551,1,37,0,1,1,0,True,False
336,1,18,0,1,1,0,True,False
746,2,35,7,2,2,0,True,False
934,0,31,3,0,0,0,False,False
673,1,15,1,1,1,0,False,False
133,0,2,1,0,0,0,False,False
1196,1,54,1,1,1,0,False,False
1029,1,45,1,1,1,0,False,False
681,1,25,0,1,1,0,True,False
423,0,9,0,0,0,0,False,False
1194,2,51,4,2,2,0,True,False
1317,0,31,0,0,0,0,False,False
202,0,4,1,0,0,0,False,False
1319,0,50,1,0,0,0,False,False
457,1,18,0,1,1,0,True,False
503,1,21,7,1,1,0,True,False
436,0,9,0,0,0,0,False,False
52,0,3,0,0,0,0,False,False
3368,8,211,0,8,2,0,True,False
282,2,12,0,1,1,0,True,False
269,0,6,0,0,0,0,False,False
322,1,11,3,1,1,0,True,False
322,1,11,3,1,1,0,True,False
31,0,0,0,0,0,0,False,False
446,1,24,0,1,1,0,True,False
188,0,3,1,0,0,0,False,False
26,0,5,0,0,0,0,False,False
2117,11,94,2,11,6,0,True,False
761,0,33,1,0,0,0,False,False
596,4,23,1,3,2,0,True,False
28,0,0,0,0,0,0,False,False
102,2,11,0,1,1,0,True,False
249,0,5,2,0,0,0,False,False
1312,0,31,0,0,0,0,False,False
1160,6,56,0,6,4,0,True,False
1074,0,25,2,0,0,1,False,False
229,0,6,0,0,0,0,False,False
1581,1,40,3,1,1,0,True,False
4126,3,46,4,3,1,0,True,False
199,0,4,0,0,0,0,False,False
1409,6,59,1,6,4,0,True,False
455,1,24,0,1,1,0,True,False
648,1,26,1,1,1,0,True,False
250,0,4,0,0,0,0,False,False
416,0,15,0,0,0,0,True,False
634,2,29,8,1,1,0,True,False
282,0,8,0,0,0,0,False,False
660,2,38,3,2,1,0,True,False
866,2,41,3,2,1,0,True,False
220,0,4,1,0,0,0,False,False
1276,6,54,1,6,4,0,True,False
1270,6,55,1,6,4,0,True,False
1153,5,54,0,5,4,0,False,False
664,4,32,0,4,2,0,False,False
653,4,26,0,4,2,0,False,False
320,0,10,1,0,0,0,False,False
55,0,0,0,0,0,0,False,False
468,0,18,0,0,0,0,False,False
988,3,44,1,3,2,0,False,False
209,0,5,0,0,0,0,False,False
121,1,4,0,1,1,0,False,False
1120,5,49,0,5,4,0,False,False
1125,6,41,1,6,3,0,False,False
317,1,9,3,1,1,0,False,False
1276,6,44,1,6,3,0,False,False
1318,6,45,1,6,3,0,False,False
1146,6,41,1,6,3,0,False,False
122,0,4,0,0,0,0,False,False
193,0,5,0,0,0,0,False,False
1168,0,21,1,0,0,0,False,False
771,5,40,2,5,4,0,False,False
196,0,5,0,0,0,0,False,False
61,0,2,0,0,0,0,False,False
478,1,21,7,1,1,1,False,False
1312,0,31,0,0,0,0,False,False
5269,1,180,2,1,1,0,False,False
718,2,21,6,2,2,0,False,False
60,0,2,0,0,0,0,False,False
540,0,12,0,0,0,0,False,False
686,0,15,0,0,0,0,False,False
540,0,12,0,0,0,0,False,False
540,0,12,0,0,0,0,False,False
540,0,12,0,0,0,0,False,False
540,0,12,0,0,0,0,False,False
686,0,15,0,0,0,0,False,False
686,0,15,0,0,0,0,False,False
686,0,15,0,0,0,0,False,False
540,0,12,0,0,0,0,False,False
686,0,15,0,0,0,0,False,False
540,0,12,0,0,0,0,False,False
686,0,15,0,0,0,0,False,False
540,0,12,0,0,0,0,False,False
540,0,12,0,0,0,0,False,False
686,0,15,0,0,0,0,False,False
686,0,15,0,0,0,0,False,False
903,3,29,1,3,2,0,False,False
70,0,2,0,0,0,0,False,False
3106,3,31,0,3,2,0,False,False
607,2,22,7,2,2,0,False,False
134,0,5,0,0,0,0,False,False
449,0,7,0,0,0,0,False,False
226,0,5,0,0,0,0,False,False
476,0,8,0,0,0,0,False,False
315,0,3,0,0,0,0,False,False
480,0,8,0,0,0,0,False,False
517,2,15,5,1,1,0,False,False
390,0,11,0,0,0,0,False,False
68,0,5,1,0,0,0,False,False
1534,0,25,0,0,0,0,False,False
247,0,6,0,0,0,0,False,False
99,0,1,0,0,0,0,False,False
215,0,9,0,0,0,0,False,False
206,0,3,0,0,0,0,False,False
304,0,11,0,0,0,0,False,False
667,0,17,0,0,0,0,False,False
49,0,1,0,0,0,0,False,False
227,0,8,0,0,0,0,False,False
1590,9,54,2,9,3,0,True,False
3304,25,160,0,23,2,0,True,False
900,0,18,3,0,0,0,False,False
573,1,17,3,1,1,0,True,False
739,3,27,6,3,2,0,True,False
928,3,46,1,3,2,0,True,False
3469,10,81,4,10,2,0,True,False
1456,6,66,1,6,4,0,True,False
978,0,26,1,0,0,0,False,False
1124,0,29,1,0,0,0,False,False
651,1,21,1,1,1,0,False,False
879,1,23,0,1,1,0,False,False
533,0,18,1,0,0,0,False,False
336,1,10,0,1,1,0,False,False
746,0,12,2,0,0,0,False,False
311,1,15,2,1,1,0,False,False
1331,7,70,0,7,4,0,True,False
1648,2,36,3,2,2,0,True,False
1754,2,39,3,2,2,0,True,False
606,1,28,1,1,1,0,True,False
491,0,7,2,0,0,0,False,False
931,3,48,1,3,2,0,True,False
1112,3,22,0,3,2,0,True,False
1142,1,15,3,1,1,0,True,False
1833,3,44,7,3,2,0,True,False
314,0,17,1,0,0,0,True,False
870,3,21,2,2,2,0,True,False
486,0,18,0,0,0,0,False,False
1117,0,37,2,0,0,0,False,False
125,2,11,0,1,1,0,True,False
1041,0,58,1,0,0,0,False,False
627,0,19,1,0,0,0,True,False
67,0,16,0,0,0,0,False,False
329,0,8,0,0,0,0,False,False
555,1,29,3,1,1,0,True,False
1289,5,52,1,4,2,0,True,False
676,2,38,0,1,1,0,True,False
637,1,15,0,1,1,0,False,False
2269,9,100,5,9,3,0,True,False
385,0,9,1,0,0,0,False,False
1387,1,15,0,1,1,0,False,False
1109,0,31,2,0,0,0,False,False
1109,0,31,2,0,0,0,False,False
518,1,24,1,1,1,0,True,False
428,1,19,3,1,1,0,True,False
612,2,27,5,1,1,0,True,False
305,0,8,1,0,0,0,False,False
927,0,23,3,0,0,0,False,False
7178,6,67,5,6,2,0,True,False
381,0,8,1,0,0,0,False,False
4249,3,48,4,3,1,0,True,False
350,0,11,0,0,0,0,False,False
277,0,11,0,0,0,0,False,False
902,2,102,0,2,1,0,True,False
745,1,39,7,1,1,0,True,False
1150,0,35,2,0,0,0,False,False
711,2,19,0,2,1,0,True,False
583,2,18,1,2,2,0,True,False
627,0,19,1,0,0,0,True,False
812,1,38,0,1,1,0,True,False
1275,1,37,2,1,1,0,False,False
692,0,20,0,0,0,0,False,False
4552,1,143,1,1,1,0,False,False
587,0,19,1,0,0,0,True,False
1940,0,56,3,0,0,0,False,False
492,1,20,5,1,1,0,True,False
53,0,2,0,0,0,0,False,False
1029,3,46,1,3,2,0,True,False
539,0,23,4,0,0,0,True,False
686,1,19,5,1,1,0,True,False
872,1,28,0,1,1,0,True,False
823,0,23,0,0,0,0,False,False
856,3,48,1,3,2,0,True,False
919,3,50,1,3,2,0,True,False
405,0,9,0,0,0,0,False,False
913,1,43,0,1,1,0,True,False
1478,3,43,2,3,1,0,True,False
1504,3,44,2,3,1,0,True,False
1482,1,58,2,1,1,0,False,False
1087,1,25,1,1,1,0,True,False
924,0,23,0,0,0,0,False,False
1286,3,56,1,3,2,0,True,False
580,3,22,0,3,3,0,True,False
103,0,1,0,0,0,0,False,False
872,0,31,0,0,0,0,True,False
627,0,19,1,0,0,0,True,False
1671,3,71,2,3,1,0,True,False
1682,3,70,2,3,1,0,True,False
601,0,19,1,0,0,0,True,False
1247,0,46,1,0,0,0,False,False
836,0,33,1,0,0,0,False,False
630,1,22,6,1,1,0,True,False
2335,3,169,0,3,1,0,True,False
3271,2,69,0,2,1,0,False,False
4403,10,141,14,10,2,0,True,False
291,0,8,0,0,0,0,False,False
636,1,18,4,1,1,0,True,False
348,0,9,2,0,0,0,False,False
290,2,15,0,1,1,0,True,False
336,0,6,0,0,0,0,False,False
384,0,14,0,0,0,0,True,False
470,1,19,5,1,1,0,True,False
508,0,12,0,0,0,0,False,False
847,6,46,0,4,4,0,True,False
482,1,19,5,1,1,0,True,False
414,0,10,0,0,0,0,False,False
1000,6,57,0,6,4,0,True,False
874,2,29,1,2,1,0,False,False
1912,0,43,0,0,0,0,False,False
889,1,56,6,1,1,0,True,False
845,0,7,4,0,0,0,False,False
813,1,13,3,1,1,0,True,False
595,0,19,1,0,0,0,True,False
153,0,7,0,0,0,0,False,False
336,0,17,1,0,0,0,False,False
1099,0,28,1,0,0,0,False,False
1087,0,26,1,0,0,0,False,False
731,2,26,1,2,1,0,False,False
589,0,19,1,0,0,0,True,False
3686,3,29,3,3,1,0,True,False
201,1,5,0,1,1,0,False,False
1367,8,50,3,8,3,0,True,False
1367,8,50,3,8,3,0,True,False
791,2,34,2,2,1,0,True,False
2103,5,86,10,5,1,0,True,False
501,0,10,3,0,0,0,False,False
618,1,22,1,1,1,0,True,False
3958,5,132,0,3,2,0,True,False
567,0,17,0,0,0,0,False,False
2052,11,88,1,11,7,0,True,False
1055,2,35,0,2,1,0,True,False
1082,0,36,2,0,0,0,False,False
1214,1,40,2,1,1,0,True,False
1020,1,28,1,1,1,0,False,False
1243,6,66,0,6,4,0,True,False
328,1,19,2,1,1,0,True,False
1328,3,51,0,3,1,0,True,False
786,2,31,8,2,1,0,True,False
539,1,18,7,1,1,0,True,False
511,1,21,3,1,1,0,True,False
1411,3,49,1,2,2,0,True,False
1238,0,30,1,0,0,0,False,False
1094,0,25,1,0,0,0,False,False
235,0,7,0,0,0,0,False,False
1249,0,30,2,0,0,0,False,False
1231,0,28,2,0,0,0,False,False
758,1,23,3,1,1,0,True,False
531,1,27,2,1,1,0,True,False
75,0,2,0,0,0,0,False,False
120,2,10,0,1,1,0,True,False
169,0,3,0,0,0,0,False,False
539,1,18,7,1,1,0,True,False
438,1,9,1,1,1,0,False,False
438,1,9,1,1,1,0,False,False
438,1,9,1,1,1,0,False,False
584,1,12,1,1,1,0,False,False
584,1,12,1,1,1,0,False,False
584,1,12,1,1,1,0,False,False
315,1,9,3,1,1,0,True,False
289,0,6,0,0,0,0,False,False
1001,0,33,1,0,0,0,False,False
969,0,37,3,0,0,0,False,False
958,0,37,3,0,0,0,False,False
1015,0,33,1,0,0,0,False,False
248,2,14,0,2,1,0,True,False
1022,0,34,1,0,0,0,False,False
998,0,33,1,0,0,0,False,False
226,0,6,0,0,0,0,False,False
217,0,5,0,0,0,0,False,False
773,1,14,7,1,1,0,False,False
57,0,1,0,0,0,0,False,False
1360,6,70,0,6,1,0,True,False
348,0,3,0,0,0,0,False,False
815,0,25,1,0,0,0,False,False
1748,5,65,1,5,3,0,True,False
337,0,10,0,0,0,0,False,False
68,0,2,0,0,0,0,False,False
281,0,12,0,0,0,0,False,False
424,0,8,0,0,0,0,False,False
281,0,12,0,0,0,0,False,False
953,1,24,0,1,1,0,False,False
281,0,12,0,0,0,0,False,False
279,0,12,0,0,0,0,False,False
574,0,11,0,0,0,0,False,False
331,0,5,0,0,0,0,False,False
379,0,10,0,0,0,0,False,False
1821,3,78,0,3,1,0,True,False
982,3,51,1,3,2,0,True,False
1737,0,45,0,0,0,0,False,False
415,0,11,0,0,0,0,False,False
725,2,33,5,1,1,0,True,False
730,2,30,5,1,1,0,True,False
408,1,15,0,1,1,0,True,False
406,1,14,3,1,1,0,True,False
3551,3,40,4,3,1,0,True,False
607,2,29,1,1,1,0,True,False
845,2,32,2,2,1,0,True,False
899,1,32,2,1,1,0,True,False
371,1,8,3,1,1,0,True,False
225,1,5,3,1,1,0,True,False
371,1,8,3,1,1,0,True,False
225,1,5,3,1,1,0,True,False
371,1,8,3,1,1,0,True,False
225,1,5,3,1,1,0,True,False
371,1,8,3,1,1,0,True,False
371,1,8,3,1,1,0,True,False
973,3,35,0,3,2,0,True,False
830,1,21,1,1,1,0,True,False
107,1,4,0,1,1,0,False,False
343,0,10,0,0,0,0,False,False
945,1,40,2,1,1,0,True,False
414,1,10,0,1,1,0,False,False
584,1,22,0,1,1,0,True,False
1236,3,59,4,2,2,0,True,False
747,1,27,1,1,1,0,False,False
8087,14,140,14,14,2,0,True,False
5249,1,197,2,1,1,0,True,False
1495,8,82,0,8,3,0,True,False
776,3,45,1,3,2,0,True,False
414,0,11,0,0,0,0,False,False
421,0,11,0,0,0,0,False,False
220,1,13,3,1,1,0,True,False
428,0,18,0,0,0,0,False,False
46,0,2,0,0,0,0,False,False
345,1,15,1,1,1,0,True,False
762,1,22,2,1,1,0,True,False
762,1,22,2,1,1,0,True,False
997,2,43,8,2,1,0,True,False
806,3,37,12,2,1,0,True,False
33,0,3,0,0,0,0,False,False
688,1,26,4,1,1,0,True,False
1594,3,51,4,3,2,0,True,False
998,2,20,16,2,2,0,True,False
445,1,16,2,1,1,0,True,False
148,2,11,0,1,1,0,True,False
1221,0,37,1,0,0,0,False,False
630,2,27,0,2,1,0,True,False
1071,0,29,1,0,0,0,False,False
301,0,7,0,0,0,0,False,False
1075,6,63,0,6,4,0,True,False
641,1,27,3,1,1,0,True,False
1222,6,66,0,6,4,0,True,False
707,2,36,1,2,2,0,True,False
713,2,37,1,2,2,0,True,False
853,2,39,2,2,2,0,True,False
719,2,37,1,2,2,0,True,False
566,0,25,0,0,0,2,False,False
330,0,15,0,0,0,0,False,False
2484,7,47,3,7,5,0,True,False
1738,1,45,1,1,1,0,False,False
1145,0,28,2,0,0,0,False,False
434,2,21,0,2,2,0,True,False
1218,6,73,0,6,3,0,True,False
1473,4,50,0,4,2,0,True,False
1827,5,112,1,5,1,0,True,False
1144,0,30,2,0,0,0,False,False
1579,2,32,5,2,1,0,True,False
1611,2,32,5,2,1,0,True,False
1587,2,32,5,2,1,0,True,False
1567,2,32,5,2,1,0,True,False
998,6,41,1,6,1,0,True,False
194,0,6,1,0,0,0,False,False
5272,2,145,0,2,1,0,True,False
562,1,9,7,1,1,0,False,False
192,1,17,2,1,1,0,True,False
1227,0,21,1,0,0,0,False,False
674,0,27,1,0,0,0,True,False
950,0,27,2,0,0,0,False,False
491,1,32,5,1,1,0,True,False
610,0,16,1,0,0,1,False,False
4109,3,32,1,3,1,0,True,False
245,1,18,0,1,1,0,True,False
523,1,20,7,1,1,0,True,False
1015,6,42,1,6,1,0,True,False
1721,5,64,1,5,3,0,True,False
1153,2,29,4,1,1,0,True,False
2874,16,109,2,16,3,0,True,False
937,2,58,6,2,1,0,True,False
270,0,12,0,0,0,0,False,False
535,1,23,0,1,1,0,True,False
793,1,31,9,1,1,0,False,False
1785,1,30,2,1,1,0,True,False
446,0,13,1,0,0,0,False,False
791,1,33,9,1,1,0,True,False
793,1,31,9,1,1,0,False,False
894,1,22,0,1,1,0,True,False
393,0,8,0,0,0,0,False,False
345,0,8,0,0,0,0,False,False
474,0,15,0,0,0,0,False,False
295,0,7,1,0,0,0,False,False
51,1,7,0,1,1,0,True,False
1255,0,36,3,0,0,0,False,False
1120,0,31,3,0,0,0,False,False
380,0,10,1,0,0,0,False,False
34,0,1,0,0,0,0,False,False
1084,0,34,3,0,0,0,False,False
1312,4,39,10,2,1,0,True,False
784,2,27,3,1,1,0,True,False
569,5,31,0,3,1,0,True,False
1157,0,35,1,0,0,0,False,False
869,2,44,2,2,2,0,True,False
63,0,2,0,0,0,0,False,False
1001,0,34,1,0,0,0,False,False
1294,0,60,1,0,0,0,True,False
782,1,38,1,1,1,0,True,False
1162,0,33,1,0,0,0,False,False
752,1,22,2,1,1,0,True,False
846,3,23,0,3,3,0,True,False
690,3,20,0,3,3,0,True,False
1270,0,33,2,0,0,0,False,False
1140,0,27,3,0,0,0,False,False
9918,14,139,14,14,2,0,True,False
957,0,33,3,0,0,0,False,False
1105,0,37,2,0,0,0,False,False
683,0,28,1,0,0,0,True,False
1141,0,30,2,0,0,0,False,False
797,2,28,5,2,2,0,True,False
1183,6,62,0,6,4,0,True,False
969,0,29,1,0,0,0,False,False
1065,6,59,1,6,4,0,True,False
1050,6,59,0,6,4,0,True,False
670,3,23,0,3,1,0,True,False
1022,5,66,1,5,4,0,True,False
103,0,2,0,0,0,0,False,False
240,2,13,0,1,1,0,True,False
848,2,28,2,2,2,0,True,False
1074,0,34,1,0,0,0,False,False
444,1,22,0,1,1,0,True,False
843,3,33,1,3,2,0,True,False
682,4,39,0,3,2,0,True,False
5298,4,42,2,4,1,0,True,False
838,2,30,0,1,1,0,True,False
559,1,14,4,1,1,0,True,False
559,1,14,4,1,1,0,True,False
564,1,19,7,1,1,0,True,False
718,2,33,3,2,1,0,True,False
333,1,15,1,1,1,0,True,False
149,0,1,0,0,0,0,False,False
787,0,11,4,0,0,0,False,False
856,0,28,1,0,0,0,False,False
827,1,28,7,1,1,0,False,False
973,1,31,7,1,1,0,False,False
827,1,28,7,1,1,0,False,False
973,1,31,7,1,1,0,False,False
973,1,31,7,1,1,0,False,False
253,0,4,0,0,0,0,False,False
1010,2,34,4,2,1,0,True,False
864,2,31,4,2,1,0,True,False
1034,0,35,1,0,0,0,False,False
52,0,1,0,0,0,0,False,False
911,0,28,1,0,0,0,False,False
255,2,13,0,1,1,0,True,False
376,1,12,0,1,1,0,True,False
422,2,20,2,1,1,0,True,False
276,2,17,2,1,1,0,True,False
276,2,17,2,1,1,0,True,False
422,2,20,2,1,1,0,True,False
422,2,20,2,1,1,0,True,False
422,2,20,2,1,1,0,True,False
422,2,20,2,1,1,0,True,False
276,2,17,2,1,1,0,True,False
422,2,20,2,1,1,0,True,False
422,2,20,2,1,1,0,True,False
422,2,20,2,1,1,0,True,False
422,2,20,2,1,1,0,True,False
422,2,20,2,1,1,0,True,False
276,2,17,2,1,1,0,True,False
422,2,20,2,1,1,0,True,False
276,2,17,2,1,1,0,True,False
276,2,17,2,1,1,0,True,False
276,2,17,2,1,1,0,True,False
422,2,20,2,1,1,0,True,False
422,2,20,2,1,1,0,True,False
276,2,17,2,1,1,0,True,False
276,2,17,2,1,1,0,True,False
422,2,20,2,1,1,0,True,False
276,2,17,2,1,1,0,True,False
568,2,23,2,1,1,0,True,False
422,2,20,2,1,1,0,True,False
422,2,20,2,1,1,0,True,False
276,2,17,2,1,1,0,True,False
276,2,17,2,1,1,0,True,False
276,2,17,2,1,1,0,True,False
276,2,17,2,1,1,0,True,False
422,2,20,2,1,1,0,True,False
422,2,20,2,1,1,0,True,False
422,2,20,2,1,1,0,True,False
422,2,20,2,1,1,0,True,False
422,2,20,2,1,1,0,True,False
276,2,17,2,1,1,0,True,False
276,2,17,2,1,1,0,True,False
422,2,20,2,1,1,0,True,False
422,2,20,2,1,1,0,True,False
422,2,20,2,1,1,0,True,False
422,2,20,2,1,1,0,True,False
422,2,20,2,1,1,0,True,False
422,2,20,2,1,1,0,True,False
422,2,20,2,1,1,0,True,False
422,2,20,2,1,1,0,True,False
422,2,20,2,1,1,0,True,False
422,2,20,2,1,1,0,True,False
422,2,20,2,1,1,0,True,False
422,2,20,2,1,1,0,True,False
276,2,17,2,1,1,0,True,False
422,2,20,2,1,1,0,True,False
422,2,20,2,1,1,0,True,False
422,2,20,2,1,1,0,True,False
422,2,20,2,1,1,0,True,False
422,2,20,2,1,1,0,True,False
276,2,17,2,1,1,0,True,False
422,2,20,2,1,1,0,True,False
422,2,20,2,1,1,0,True,False
422,2,20,2,1,1,0,True,False
276,2,17,2,1,1,0,True,False
276,2,17,2,1,1,0,True,False
422,2,20,2,1,1,0,True,False
276,2,17,2,1,1,0,True,False
276,2,17,2,1,1,0,True,False
1093,3,39,0,3,3,0,True,False
417,2,31,0,1,1,0,True,False
553,2,16,0,2,2,0,True,False
553,2,16,0,2,2,0,True,False
923,1,15,2,1,1,0,True,False
494,1,25,0,1,1,0,True,False
494,1,25,0,1,1,0,True,False
1203,0,32,0,0,0,0,False,False
701,0,17,1,0,0,0,False,False
561,2,27,5,2,1,0,True,False
196,0,15,0,0,0,0,False,False
401,0,12,0,0,0,0,False,False
2757,15,191,16,15,2,0,True,False
328,0,4,1,0,0,0,False,False
846,1,35,0,1,1,0,True,False
236,0,5,0,0,0,0,False,False
847,1,40,8,1,1,0,True,False
680,2,25,0,2,2,0,True,False
971,0,37,0,0,0,0,True,False
551,2,16,1,2,2,0,True,False
596,0,24,0,0,0,0,True,False
5013,3,31,7,3,1,0,True,False
4763,3,35,1,3,1,0,True,False
576,1,20,1,1,1,0,True,False
586,1,16,5,1,1,0,False,False
875,3,41,1,3,2,0,False,False
613,0,20,2,0,0,0,False,False
3401,7,65,4,7,1,0,False,False
1056,2,43,2,2,2,0,False,False
701,2,20,1,2,2,0,False,False
693,0,27,1,0,0,0,False,False
613,1,18,0,1,1,0,False,False
201,0,4,0,0,0,0,False,False
340,0,6,0,0,0,0,False,False
182,0,3,0,0,0,0,False,False
299,0,5,0,0,0,0,False,False
1055,2,33,6,2,2,0,False,False
915,3,35,1,3,3,0,False,False
341,1,15,2,1,1,0,False,False
306,0,7,0,0,0,0,False,False
1429,3,49,0,3,1,0,False,False
878,1,28,1,1,1,0,False,False
703,3,29,0,3,2,0,False,False
809,1,18,1,1,1,0,False,False
750,4,30,5,4,2,0,False,False
216,0,7,0,0,0,0,False,False
1112,0,29,4,0,0,0,False,False
313,0,9,2,0,0,0,False,False
412,1,11,6,1,1,0,False,False
412,1,11,6,1,1,0,False,False
433,2,25,4,2,2,0,False,False
875,2,34,2,2,2,0,False,False
1043,2,39,2,2,2,0,False,False
997,0,33,0,0,0,0,False,False
972,0,28,0,0,0,0,False,False
162,0,3,0,0,0,0,False,False
1051,2,38,2,2,2,0,False,False
886,2,35,2,2,2,0,False,False
1052,2,40,2,2,2,0,False,False
61,0,0,0,0,0,0,False,False
1130,5,27,0,4,2,0,False,False
358,0,9,0,0,0,0,False,False
979,0,23,0,0,0,0,False,False
1174,0,27,0,0,0,0,False,False
182,0,3,0,0,0,0,False,False
327,0,6,0,0,0,0,False,False
431,1,10,3,1,1,0,False,False
1777,0,38,1,0,0,0,False,False
117,0,3,0,0,0,0,False,False
445,0,13,1,0,0,0,False,False
1809,3,34,10,3,2,0,False,False
195,0,5,0,0,0,0,False,False
235,1,6,3,1,1,0,False,False
1350,2,51,2,2,1,0,False,False
687,1,22,7,1,1,0,False,False
59,0,2,0,0,0,0,False,False
264,0,7,0,0,0,0,False,False
264,0,7,0,0,0,0,False,False
466,1,15,3,1,1,0,False,False
320,1,14,3,1,1,0,True,False
466,1,17,3,1,1,0,True,False
466,1,17,3,1,1,0,True,False
466,1,17,3,1,1,0,True,False
320,1,14,3,1,1,0,True,False
320,1,14,3,1,1,0,True,False
464,1,17,3,1,1,0,True,False
318,1,14,3,1,1,0,True,False
318,1,14,3,1,1,0,True,False
464,1,17,3,1,1,0,True,False
464,1,17,3,1,1,0,True,False
318,1,14,3,1,1,0,True,False
320,1,14,3,1,1,0,True,False
322,1,14,3,1,1,0,True,False
322,1,14,3,1,1,0,True,False
468,1,17,3,1,1,0,True,False
468,1,17,3,1,1,0,True,False
322,1,14,3,1,1,0,True,False
322,1,14,3,1,1,0,True,False
322,1,14,3,1,1,0,True,False
468,1,17,3,1,1,0,True,False
468,1,17,3,1,1,0,True,False
322,1,14,3,1,1,0,True,False
462,1,17,3,1,1,0,True,False
462,1,17,3,1,1,0,True,False
321,1,13,3,1,1,0,True,False
321,1,13,3,1,1,0,True,False
321,1,13,3,1,1,0,True,False
321,1,13,3,1,1,0,True,False
321,1,13,3,1,1,0,True,False
467,1,16,3,1,1,0,True,False
467,1,16,3,1,1,0,True,False
467,1,16,3,1,1,0,True,False
321,1,13,3,1,1,0,True,False
321,1,13,3,1,1,0,True,False
467,1,16,3,1,1,0,True,False
321,1,13,3,1,1,0,True,False
321,1,13,3,1,1,0,True,False
317,1,13,3,1,1,0,True,False
317,1,13,3,1,1,0,True,False
317,1,13,3,1,1,0,True,False
317,1,13,3,1,1,0,True,False
317,1,13,3,1,1,0,True,False
317,1,13,3,1,1,0,True,False
317,1,13,3,1,1,0,True,False
570,0,20,1,0,0,0,False,False
237,0,7,0,0,0,0,False,False
519,0,14,0,0,0,0,False,False
784,1,27,0,1,1,0,True,False
209,0,8,0,0,0,0,False,False
601,1,16,1,1,1,0,True,False
331,1,17,5,1,1,0,True,False
1118,2,29,9,2,1,0,True,False
556,1,33,4,1,1,0,True,False
6312,30,324,4,30,2,0,True,False
6565,30,330,4,30,2,0,True,False
280,0,4,1,0,0,0,False,False
280,0,4,1,0,0,0,False,False
123,0,5,0,0,0,0,False,False
738,2,27,0,2,1,0,True,False
537,0,22,1,0,0,0,True,False
180,0,3,0,0,0,0,False,False
469,1,18,1,1,1,0,True,False
1208,1,11,0,1,1,0,False,False
821,2,23,1,2,2,0,True,False
821,2,23,1,2,2,0,True,False
5003,5,274,0,5,3,0,True,False
545,0,20,1,0,0,0,False,False
97,0,3,0,0,0,0,False,False
333,0,18,0,0,0,0,False,False
1185,3,46,7,2,2,0,True,False
1609,2,65,0,2,1,0,True,False
771,5,29,7,5,3,0,True,False
299,0,6,0,0,0,0,False,False
312,1,14,4,1,1,0,True,False
1206,1,11,0,1,1,0,False,False
1370,1,13,0,1,1,0,False,False
644,1,29,0,1,1,0,True,False
1485,6,76,1,6,3,0,True,False
594,2,32,1,2,2,0,True,False
139,0,3,0,0,0,0,False,False
499,0,18,2,0,0,0,False,False
1081,3,57,1,3,1,0,True,False
1002,1,36,8,1,1,0,True,False
322,1,12,1,1,1,0,True,False
191,1,10,1,1,1,0,True,False
169,1,10,1,1,1,0,True,False
43,0,2,0,0,0,0,False,False
1486,6,77,1,6,3,0,True,False
4989,4,44,2,4,1,0,True,False
4972,4,45,2,4,1,0,True,False
1647,6,81,1,6,3,0,True,False
1636,6,80,1,6,3,0,True,False
819,0,34,0,0,0,0,True,False
819,0,34,0,0,0,0,True,False
819,0,34,0,0,0,0,True,False
331,1,11,4,1,1,0,True,False
543,1,15,3,1,1,0,True,False
689,1,18,3,1,1,0,True,False
689,1,18,3,1,1,0,True,False
689,1,18,3,1,1,0,True,False
689,1,18,3,1,1,0,True,False
543,1,15,3,1,1,0,True,False
543,1,15,3,1,1,0,True,False
689,1,18,3,1,1,0,True,False
543,1,15,3,1,1,0,True,False
689,1,18,3,1,1,0,True,False
543,1,15,3,1,1,0,True,False
689,1,18,3,1,1,0,True,False
689,1,18,3,1,1,0,True,False
689,1,18,3,1,1,0,True,False
543,1,15,3,1,1,0,True,False
689,1,18,3,1,1,0,True,False
689,1,18,3,1,1,0,True,False
689,1,18,3,1,1,0,True,False
689,1,18,3,1,1,0,True,False
689,1,18,3,1,1,0,True,False
543,1,15,3,1,1,0,True,False
689,1,18,3,1,1,0,True,False
689,1,18,3,1,1,0,True,False
689,1,18,3,1,1,0,True,False
689,1,18,3,1,1,0,True,False
689,1,18,3,1,1,0,True,False
689,1,18,3,1,1,0,True,False
689,1,18,3,1,1,0,True,False
543,1,15,3,1,1,0,True,False
543,1,15,3,1,1,0,True,False
689,1,18,3,1,1,0,True,False
543,1,15,3,1,1,0,True,False
689,1,18,3,1,1,0,True,False
543,1,15,3,1,1,0,True,False
689,1,18,3,1,1,0,True,False
543,1,15,3,1,1,0,True,False
689,1,18,3,1,1,0,True,False
543,1,15,3,1,1,0,True,False
689,1,18,3,1,1,0,True,False
807,0,34,0,0,0,0,True,False
1148,1,5,0,1,1,0,False,False
808,0,34,0,0,0,0,True,False
570,1,21,1,1,1,0,True,False
558,1,19,1,1,1,0,True,False
576,1,21,1,1,1,0,True,False
1893,5,60,4,5,3,0,True,False
1876,5,58,4,5,3,0,True,False
1768,5,58,4,5,3,0,True,False
44,0,0,0,0,0,0,False,False
44,0,0,0,0,0,0,False,False
235,0,7,0,0,0,0,False,False
1267,1,33,2,1,1,0,True,False
456,0,10,0,0,0,0,False,False
1360,1,13,0,1,1,0,False,False
1405,1,13,0,1,1,0,False,False
1809,0,37,5,0,0,0,False,False
585,1,26,4,1,1,0,True,False
1400,6,79,1,6,3,0,True,False
119,2,11,0,1,1,0,True,False
99,0,5,0,0,0,0,False,False
871,2,26,1,2,1,0,True,False
442,1,13,4,1,1,0,True,False
442,1,13,4,1,1,0,True,False
16473,0,343,3,0,0,0,False,False
773,2,27,1,2,1,0,True,False
458,1,24,0,1,1,0,True,False
1616,6,82,1,6,3,0,True,False
506,1,13,1,1,1,0,True,False
1621,6,82,1,6,3,0,True,False
840,1,11,2,1,1,0,True,False
720,2,34,0,2,2,0,True,False
875,2,38,0,2,2,0,True,False
873,2,38,0,2,2,0,True,False
834,2,35,0,2,2,0,True,False
876,2,38,0,2,2,0,True,False
523,0,21,0,0,0,0,True,False
523,0,21,0,0,0,0,True,False
1196,1,10,0,1,1,0,False,False
193,0,4,0,0,0,0,False,False
313,0,3,0,0,0,0,False,False
1042,0,21,2,0,0,0,False,False
291,0,8,0,0,0,0,False,False
642,1,18,0,1,1,0,True,False
245,0,5,0,0,0,0,False,False
1785,0,56,0,0,0,0,False,False
732,0,14,1,0,0,0,False,False
355,1,15,1,1,1,0,True,False
365,1,15,1,1,1,0,True,False
4599,3,49,2,3,1,0,True,False
434,1,32,1,1,1,0,True,False
4581,3,42,2,3,1,0,True,False
4610,3,48,2,3,1,0,True,False
496,1,22,6,1,1,0,True,False
1713,6,78,5,5,4,0,True,False
567,1,19,1,1,1,0,True,False
500,1,26,6,1,1,0,True,False
529,2,25,2,2,2,0,True,False
1773,2,52,7,2,2,0,True,False
185,0,3,0,0,0,0,False,False
1257,2,26,2,2,1,0,True,False
355,0,11,0,0,0,0,False,False
128,0,3,0,0,0,0,False,False
812,2,24,1,2,2,0,True,False
333,0,7,0,0,0,0,False,False
1010,6,62,4,6,3,0,True,False
787,1,29,6,1,1,0,True,False
777,1,35,7,1,1,0,True,False
780,1,35,7,1,1,0,True,False
675,1,27,2,1,1,0,True,False
1775,2,56,7,2,2,0,True,False
369,1,19,0,1,1,0,False,False
1844,0,44,0,0,0,0,True,False
2818,2,34,15,2,1,0,True,False
822,1,22,1,1,1,0,True,False
599,1,22,1,1,1,0,True,False
1079,4,66,2,3,2,0,True,False
1096,1,37,1,1,1,0,True,False
437,0,13,0,0,0,0,True,False
928,3,42,1,3,3,0,True,False
1651,0,40,1,0,0,0,False,False
1263,4,61,8,4,2,0,True,False
932,4,34,7,4,2,0,True,False
404,1,20,2,1,1,0,True,False
871,3,54,5,3,2,1,True,False
2037,12,172,4,12,2,0,True,False
998,3,41,1,3,3,0,True,False
1021,3,38,0,3,2,0,True,False
335,1,23,1,1,1,0,True,False
1147,2,33,3,2,1,0,True,False
513,0,11,0,0,0,0,False,False
1422,1,46,1,1,1,0,True,False
637,1,22,2,1,1,0,True,False
384,0,10,0,0,0,0,False,False
216,0,4,0,0,0,0,False,False
421,1,15,5,1,1,0,True,False
410,1,28,2,1,1,0,True,False
903,0,34,0,0,0,0,False,False
641,1,20,3,1,1,0,True,False
245,1,13,0,1,1,0,True,False
1914,3,47,3,3,2,0,True,False
583,2,21,0,2,1,0,True,False
729,2,24,0,2,1,0,True,False
583,2,21,0,2,1,0,True,False
626,1,20,3,1,1,0,True,False
648,1,22,3,1,1,0,True,False
434,1,24,2,1,1,0,True,False
667,1,23,3,1,1,0,True,False
2357,1,53,1,1,1,0,False,False
334,0,8,2,0,0,0,False,False
696,1,36,1,1,1,0,True,False
652,1,21,1,1,1,0,True,False
317,1,22,0,1,1,0,True,False
624,1,22,3,1,1,0,True,False
776,0,20,0,0,0,0,False,False
590,2,33,2,2,2,0,True,False
1151,1,36,0,1,1,0,True,False
466,1,18,0,1,1,0,True,False
319,1,15,0,1,1,0,True,False
261,0,6,0,0,0,0,False,False
1169,1,36,0,1,1,0,True,False
1173,1,38,0,1,1,0,True,False
377,1,18,7,1,1,0,True,False
883,0,22,0,0,0,0,False,False
1161,1,36,0,1,1,0,True,False
745,1,32,0,1,1,0,True,False
590,0,18,0,0,0,0,False,False
497,1,19,0,1,1,0,True,False
682,1,29,2,1,1,0,False,False
665,4,27,1,4,3,0,False,False
593,1,24,7,1,1,0,False,False
445,1,12,1,1,1,0,False,False
763,1,13,8,1,1,0,False,False
569,0,13,5,0,0,0,False,False
524,1,23,4,1,1,0,False,False
601,1,10,4,1,1,0,False,False
928,1,38,7,1,1,0,False,False
1283,0,22,1,0,0,0,False,False
629,0,12,0,0,0,0,False,False
444,0,8,0,0,0,0,False,False
567,1,11,5,1,1,0,False,False
413,1,8,5,1,1,0,False,False
956,1,21,3,1,1,0,False,False
967,1,33,2,1,1,0,False,False
746,1,26,3,1,1,0,False,False
538,1,11,5,1,1,0,False,False
962,1,19,11,1,1,0,False,False
945,1,19,11,1,1,0,False,False
348,1,9,1,1,1,0,False,False
1175,1,36,0,1,1,0,False,False
603,1,39,1,1,1,0,False,False
907,1,32,7,1,1,0,False,False
924,1,38,7,1,1,0,False,False
321,0,19,0,0,0,0,False,False
35,0,2,0,0,0,0,False,False
206,0,3,1,0,0,0,False,False
1268,6,52,10,5,4,0,False,False
189,1,4,0,1,1,0,False,False
589,0,27,0,0,0,0,False,False
383,1,20,0,1,1,0,False,False
742,1,29,0,1,1,0,False,False
1821,1,25,3,1,1,0,False,False
386,0,11,0,0,0,0,False,False
1447,3,67,3,3,1,0,False,False
1448,3,73,3,3,1,0,True,False
299,1,10,4,1,1,0,True,False
445,1,13,4,1,1,0,True,False
645,1,25,6,1,1,0,True,False
1067,0,31,0,0,0,0,False,False
190,0,6,0,0,0,0,False,False
3447,0,69,2,0,0,0,False,False
556,3,32,0,3,2,0,True,False
360,0,15,0,0,0,0,False,False
953,1,24,6,1,1,0,True,False
810,2,29,4,2,2,0,True,False
501,1,13,0,1,1,0,True,False
481,2,27,4,2,2,0,True,False
2406,0,57,2,0,0,0,False,False
192,1,6,4,1,1,0,True,False
499,2,21,4,2,2,0,True,False
631,2,12,0,2,1,0,False,False
325,1,9,3,1,1,0,True,False
460,2,21,4,2,2,0,True,False
335,0,8,0,0,0,0,False,False
592,0,27,1,0,0,0,False,False
962,5,72,0,2,2,0,True,False
962,5,72,0,2,2,0,True,False
1757,0,42,3,0,0,1,False,False
233,0,4,0,0,0,0,False,False
756,2,22,9,2,2,0,True,False
666,1,24,6,1,1,0,True,False
985,4,65,8,4,1,0,True,False
753,3,38,1,3,3,0,True,False
308,1,18,0,1,1,0,True,False
1481,2,56,7,2,2,0,True,False
813,3,43,4,3,1,0,True,False
678,2,25,7,2,1,0,True,False
423,1,18,4,1,1,0,True,False
513,2,24,0,2,1,0,True,False
3285,0,72,1,0,0,0,False,False
780,2,35,5,2,1,0,True,False
1140,3,46,0,3,1,0,True,False
636,2,28,0,2,2,0,False,False
493,1,28,0,1,1,0,True,False
504,1,25,1,1,1,0,True,False
526,0,13,2,0,0,0,False,False
201,0,4,0,0,0,0,False,False
518,1,22,0,1,1,0,True,False
392,1,19,5,1,1,0,True,False
1087,3,55,11,3,1,0,True,False
395,1,29,1,1,1,0,True,False
988,3,31,4,2,2,0,True,False
324,1,19,5,1,1,0,True,False
289,1,30,0,1,1,0,True,False
281,1,20,0,1,1,0,True,False
306,2,25,3,1,1,0,True,False
2500,0,42,2,0,0,0,False,False
828,1,25,3,1,1,0,True,False
1069,3,53,11,3,1,0,True,False
599,1,23,0,1,1,0,True,False
472,1,41,1,1,1,0,True,False
435,1,21,4,1,1,0,True,False
1278,3,101,1,3,1,0,True,False
875,1,29,2,1,1,0,True,False
404,1,8,3,1,1,0,True,False
736,1,23,2,1,1,0,True,False
412,1,19,0,1,1,0,True,False
585,1,28,7,1,1,0,True,False
585,1,28,7,1,1,0,True,False
659,2,41,11,2,1,0,True,False
575,2,34,4,1,1,0,True,False
575,2,34,4,1,1,0,True,False
614,1,20,2,1,1,0,True,False
272,0,5,0,0,0,0,False,False
663,0,43,0,0,0,0,True,False
484,1,18,2,1,1,0,True,False
764,1,25,0,1,1,0,True,False
632,1,26,3,1,1,0,True,False
801,0,17,0,0,0,0,False,False
1408,0,30,1,0,0,0,False,False
598,1,20,2,1,1,0,True,False
1070,4,70,1,3,2,0,True,False
193,0,4,0,0,0,0,False,False
1557,4,41,7,2,2,0,True,False
518,1,24,1,1,1,0,True,False
1567,2,49,2,2,2,0,True,False
380,1,18,2,1,1,0,True,False
623,2,42,3,2,2,0,True,False
423,1,22,4,1,1,0,True,False
423,1,22,4,1,1,0,True,False
332,0,15,0,0,0,0,False,False
1382,5,88,3,3,3,0,True,False
705,1,20,0,1,1,0,True,False
795,2,41,5,2,1,0,True,False
1221,3,27,7,3,1,0,True,False
670,2,27,0,2,1,0,True,False
1006,2,41,3,2,1,0,True,False
585,1,25,5,1,1,0,True,False
281,1,20,0,1,1,0,True,False
281,1,20,0,1,1,0,True,False
583,1,23,5,1,1,0,True,False
611,1,22,0,1,1,0,True,False
445,1,14,3,1,1,0,True,False
652,1,27,1,1,1,0,True,False
570,4,43,4,4,3,0,True,False
71,0,3,0,0,0,0,False,False
615,2,29,0,1,1,0,True,False
1897,5,63,3,5,3,0,True,False
610,1,28,3,1,1,0,True,False
849,1,29,1,1,1,0,True,False
1034,2,66,4,2,1,0,True,False
423,2,24,3,2,2,0,True,False
901,2,32,4,1,1,0,True,False
1224,5,87,0,2,2,0,True,False
546,3,26,5,3,3,0,True,False
326,1,12,4,1,1,0,True,False
326,1,12,4,1,1,0,True,False
661,2,15,0,2,2,0,True,False
346,1,9,3,1,1,0,True,False
204,0,5,0,0,0,0,False,False
595,1,20,6,1,1,0,True,False
800,1,29,0,1,1,0,True,False
323,1,11,4,1,1,0,True,False
799,1,25,1,1,1,0,True,False
653,1,22,1,1,1,0,True,False
1105,0,30,0,0,0,0,True,False
576,0,20,0,0,0,0,False,False
505,1,27,3,1,1,0,True,False
1061,3,57,3,3,2,0,True,False
1572,2,46,1,2,1,0,True,False
330,0,14,1,0,0,0,False,False
773,2,31,2,2,2,0,True,False
1061,3,57,3,3,2,0,True,False
3772,3,50,2,3,1,0,True,False
699,1,18,4,1,1,0,True,False
699,1,18,4,1,1,0,True,False
346,0,31,0,0,0,0,False,False
626,1,21,13,1,1,0,True,False
354,1,15,7,1,1,0,True,False
667,1,19,13,1,1,0,False,False
694,0,24,1,0,0,0,False,False
598,2,23,4,2,1,0,False,False
878,1,39,0,1,1,0,False,False
553,0,16,2,0,0,0,False,False
508,1,25,4,1,1,0,False,False
342,0,13,0,0,0,0,False,False
247,0,4,2,0,0,0,False,False
3878,3,32,1,3,1,0,False,False
2115,2,66,2,2,2,0,False,False
572,1,18,0,1,1,0,False,False
2949,6,47,7,6,1,0,False,False
863,3,38,1,2,2,0,False,False
842,3,38,1,2,2,0,False,False
831,3,32,1,2,2,0,False,False
842,3,38,1,2,2,0,False,False
836,3,32,1,2,2,0,False,False
843,4,52,3,2,1,0,False,False
257,0,7,0,0,0,0,False,False
1404,0,29,2,0,0,0,False,False
931,2,57,4,2,1,0,False,False
59,0,9,0,0,0,0,False,False
1472,0,49,3,0,0,0,False,False
725,0,21,2,0,0,0,False,False
507,0,9,0,0,0,0,False,False
435,1,17,0,1,1,0,False,False
251,1,14,0,1,1,0,False,False
408,1,19,0,1,1,0,False,False
349,0,6,1,0,0,0,False,False
352,0,6,0,0,0,0,False,False
1007,1,33,2,1,1,0,False,False
153,0,3,0,0,0,0,False,False
356,1,13,0,1,1,0,False,False
299,1,19,1,1,1,0,False,False
224,0,10,0,0,0,0,False,False
31,0,0,0,0,0,0,False,False
534,3,25,0,3,2,0,False,False
1346,0,19,0,0,0,0,False,False
973,2,37,6,2,1,0,False,False
5940,5,69,3,5,2,0,False,False
5954,5,63,3,5,2,0,False,False
5975,5,69,3,5,2,0,False,False
6066,5,69,3,5,2,0,False,False
5804,5,60,3,5,2,0,False,False
431,0,19,0,0,0,0,False,False
857,1,35,0,1,1,0,False,False
466,1,15,2,1,1,0,False,False
122,0,2,0,0,0,0,False,False
154,0,2,0,0,0,0,False,False
1048,3,49,3,3,2,0,False,False
328,0,10,0,0,0,0,False,False
125,0,3,0,0,0,0,False,False
345,0,12,0,0,0,0,False,False
167,0,16,0,0,0,0,False,False
288,0,13,0,0,0,0,False,False
414,1,20,5,1,1,0,False,False
603,0,27,0,0,0,0,False,False
758,1,17,0,1,1,0,False,False
644,0,15,0,0,0,0,False,False
874,0,19,1,0,0,0,False,False
279,1,10,1,1,1,0,False,False
203,0,10,0,0,0,0,False,False
301,1,16,1,1,1,0,False,False
1289,0,26,0,0,0,0,False,False
95,0,3,1,0,0,0,False,False
1166,0,35,2,0,0,1,False,False
539,1,25,0,1,1,0,False,False
719,1,28,0,1,1,0,True,False
402,0,4,1,0,0,0,False,False
90,0,7,0,0,0,0,False,False
610,0,12,0,0,0,0,False,False
592,1,15,6,1,1,0,True,False
509,1,20,5,1,1,0,True,False
517,1,40,5,1,1,0,True,False
357,0,17,0,0,0,0,False,False
423,1,23,0,1,1,0,True,False
672,1,26,2,1,1,0,True,False
325,0,6,0,0,0,0,False,False
179,0,3,0,0,0,0,False,False
746,0,9,1,0,0,0,False,False
719,1,17,2,1,1,0,True,False
544,1,19,5,1,1,0,True,False
544,1,19,5,1,1,0,True,False
367,1,15,0,1,1,0,True,False
577,1,19,1,1,1,0,True,False
852,0,28,0,0,0,0,True,False
309,0,13,0,0,0,0,False,False
273,0,7,1,0,0,0,False,False
802,0,29,0,0,0,0,False,False
504,1,12,2,1,1,0,True,False
1033,0,25,1,0,0,0,False,False
841,0,31,0,0,0,0,False,False
249,0,21,0,0,0,0,True,False
231,0,4,2,0,0,0,False,False
449,1,20,5,1,1,0,True,False
156,0,3,0,0,0,0,False,False
2370,0,40,0,0,0,0,False,False
437,1,19,0,1,1,0,True,False
303,1,20,2,1,1,0,True,False
343,0,15,0,0,0,0,False,False
2724,9,179,25,9,2,0,True,False
258,0,13,0,0,0,0,False,False
658,0,14,0,0,0,0,False,False
258,0,15,1,0,0,0,False,False
976,1,33,3,1,1,0,True,False
80,0,5,0,0,0,0,False,False
1007,1,39,3,1,1,0,True,False
337,0,15,1,0,0,0,False,False
529,0,22,1,0,0,0,False,False
600,0,17,0,0,0,0,False,False
433,0,8,0,0,0,0,False,False
1340,2,32,1,2,2,0,True,False
172,0,3,0,0,0,0,False,False
733,2,21,0,2,2,0,True,False
1340,2,32,1,2,2,0,True,False
2990,16,178,1,16,2,0,True,False
4082,3,32,2,3,1,0,True,False
606,0,11,0,0,0,0,False,False
432,1,21,1,1,1,0,True,False
1077,0,38,0,0,0,0,False,False
892,0,12,1,0,0,0,False,False
548,1,20,0,1,1,0,True,False
93,0,2,0,0,0,0,False,False
1147,1,33,0,1,1,0,True,False
200,0,3,0,0,0,0,False,False
481,2,20,6,2,2,0,True,False
329,2,17,6,2,2,0,True,False
1217,0,40,1,0,0,0,False,False
1028,4,52,0,4,3,0,True,False
334,0,6,4,0,0,0,False,False
337,2,18,6,2,2,0,True,False
260,0,4,0,0,0,0,False,False
943,0,27,0,0,0,0,False,False
57,0,1,0,0,0,0,False,False
1151,0,18,0,0,0,0,False,False
1896,2,34,3,2,2,0,True,False
149,0,9,0,0,0,0,False,False
53,0,2,1,0,0,0,False,False
956,0,31,1,0,0,0,False,False
1285,0,33,1,0,0,0,True,False
427,1,37,0,1,1,0,False,False
2564,11,124,0,11,2,0,True,False
301,0,11,0,0,0,0,False,False
503,1,17,0,1,1,0,True,False
1786,0,43,0,0,0,0,False,False
1267,0,23,1,0,0,0,False,False
339,1,17,0,1,1,0,True,False
839,0,16,1,0,0,0,False,False
3362,3,46,6,3,2,0,True,False
609,0,15,14,0,0,0,False,False
427,1,21,2,1,1,0,True,False
471,1,22,5,1,1,0,True,False
234,0,6,0,0,0,0,False,False
601,1,15,0,1,1,0,False,False
500,2,31,1,1,1,0,True,False
403,1,15,2,1,1,0,True,False
814,1,29,10,1,1,0,True,False
657,2,31,4,2,2,0,True,False
857,2,36,4,2,2,0,True,False
493,1,17,2,1,1,0,True,False
1685,1,53,2,1,1,0,False,False
535,0,26,1,0,0,0,False,False
225,1,10,0,1,1,0,True,False
128,0,3,0,0,0,0,False,False
365,1,13,0,1,1,0,True,False
911,3,46,5,3,2,0,True,False
721,1,33,1,1,1,0,True,False
364,1,20,3,1,1,0,True,False
923,1,29,2,1,1,0,True,False
523,2,24,0,2,2,0,False,False
609,0,15,14,0,0,0,False,False
400,1,12,1,1,1,0,True,False
972,5,46,5,5,3,0,True,False
993,5,52,5,5,3,0,True,False
409,2,21,4,1,1,0,True,False
1195,0,37,0,0,0,0,False,False
1216,0,43,0,0,0,0,False,False
120,0,6,0,0,0,0,False,False
439,1,19,0,1,1,0,True,False
398,0,6,0,0,0,0,False,False
2279,0,52,3,0,0,0,False,False
2140,0,41,4,0,0,0,False,False
679,1,33,0,1,1,0,True,False
95,0,1,0,0,0,0,False,False
1039,0,25,0,0,0,0,False,False
832,2,29,4,2,2,0,True,False
2451,0,54,2,0,0,0,False,False
1568,8,84,0,8,3,0,True,False
440,0,120,0,0,0,0,False,False
854,0,13,1,0,0,0,False,False
1459,0,36,1,0,0,0,False,False
869,1,18,1,1,1,0,True,False
704,2,34,2,2,2,0,True,False
260,0,5,0,0,0,0,False,False
928,4,61,3,3,2,0,True,False
958,4,61,3,3,2,0,True,False
984,4,67,3,3,2,0,True,False
42,0,0,0,0,0,0,False,False
322,0,8,0,0,0,0,False,False
280,0,16,0,0,0,0,False,False
89,0,6,0,0,0,0,False,False
53,0,1,0,0,0,0,False,False
1054,0,64,0,0,0,0,False,False
684,0,27,0,0,0,0,False,False
603,1,26,0,1,1,0,True,False
442,0,11,1,0,0,0,False,False
454,0,8,0,0,0,0,True,False
756,1,23,13,1,1,0,True,False
610,1,20,13,1,1,0,True,False
187,0,3,0,0,0,0,False,False
387,0,9,1,0,0,0,False,False
192,0,5,0,0,0,0,False,False
424,1,25,3,1,1,0,True,False
806,1,30,1,1,1,0,False,False
446,1,15,10,1,1,0,True,False
306,0,22,0,0,0,0,False,False
364,0,11,0,0,0,0,False,False
901,2,29,7,2,1,0,True,False
457,0,13,0,0,0,0,False,False
718,0,13,0,0,0,0,False,False
147,0,11,0,0,0,0,False,False
174,0,6,0,0,0,0,False,False
28,0,3,0,0,0,0,False,False
137,1,17,1,1,1,0,True,False
180,1,17,1,1,1,0,True,False
252,1,23,1,1,1,0,True,False
122,1,6,0,1,1,0,True,False
524,0,12,1,0,0,0,False,False
444,1,27,0,1,1,0,True,False
643,1,25,1,1,1,0,True,False
255,1,10,0,1,1,0,True,False
1059,0,31,0,0,0,0,True,False
515,1,35,4,1,1,0,True,False
837,0,24,0,0,0,0,True,False
372,1,13,0,1,1,0,True,False
507,1,31,0,1,1,0,True,False
1477,0,29,1,0,0,0,False,False
2624,17,150,12,17,5,0,True,False
1013,0,26,0,0,0,0,False,False
454,1,15,5,1,1,0,True,False
585,0,24,0,0,0,0,True,False
459,1,17,1,1,1,0,True,False
320,0,8,0,0,0,0,False,False
913,0,18,3,0,0,1,False,False
944,4,77,6,2,1,0,True,False
304,0,9,0,0,0,0,False,False
1130,4,54,4,4,2,0,True,False
492,2,26,0,2,2,0,False,False
110,0,2,1,0,0,0,False,False
255,0,10,1,0,0,0,False,False
1417,1,23,11,1,1,0,True,False
2507,4,26,4,4,3,0,True,False
6031,4,175,0,4,1,0,True,False
3461,4,30,5,4,2,0,True,False
286,1,22,1,1,1,0,True,False
349,0,14,0,0,0,0,False,False
329,0,11,0,0,0,0,False,False
121,0,3,0,0,0,0,False,False
463,0,11,0,0,0,0,False,False
1867,1,43,2,1,1,0,False,False
259,0,11,0,0,0,0,False,False
241,0,5,0,0,0,0,False,False
283,0,6,0,0,0,0,False,False
572,0,12,2,0,0,0,False,False
532,1,18,4,1,1,0,True,False
430,1,20,0,1,1,0,True,False
543,1,19,4,1,1,1,True,False
489,0,14,0,0,0,0,True,False
825,1,25,1,1,1,0,True,False
11314,12,108,9,12,2,0,True,False
350,0,9,1,0,0,0,False,False
269,0,6,0,0,0,0,False,False
58,0,3,0,0,0,0,False,False
597,1,22,0,1,1,0,True,False
3117,0,55,4,0,0,0,False,False
799,0,26,3,0,0,0,False,False
226,0,5,0,0,0,0,False,False
595,1,25,2,1,1,0,True,False
464,0,8,0,0,0,0,True,False
384,1,7,2,1,1,0,True,False
384,1,7,2,1,1,0,True,False
276,1,20,5,1,1,0,True,False
893,1,32,1,1,1,0,True,False
1225,0,26,1,0,0,1,False,False
331,1,22,4,1,1,0,True,False
4744,6,121,17,6,2,0,True,False
573,0,19,0,0,0,0,True,False
353,0,12,1,0,0,0,False,False
359,0,21,0,0,0,0,False,False
455,1,20,0,1,1,1,True,False
455,1,20,0,1,1,1,True,False
427,0,15,0,0,0,0,True,False
398,0,9,1,0,0,0,False,False
1341,3,37,1,2,2,0,True,False
1145,0,33,2,0,0,0,False,False
170,0,11,0,0,0,0,False,False
1311,1,34,1,1,1,0,True,False
463,1,26,3,1,1,0,False,False
1178,2,35,5,2,1,0,True,False
1009,2,26,5,2,1,0,True,False
1935,0,39,0,0,0,0,False,False
803,1,25,2,1,1,0,True,False
250,0,11,0,0,0,0,False,False
507,1,24,2,1,1,0,True,False
1167,2,51,7,2,1,0,True,False
696,0,23,1,0,0,0,False,False
1667,3,44,2,2,2,0,True,False
3074,3,44,7,3,2,0,True,False
315,1,18,0,1,1,0,True,False
972,1,32,0,1,1,0,True,False
391,0,8,0,0,0,0,False,False
245,0,5,0,0,0,0,False,False
389,0,8,0,0,0,0,False,False
122,0,6,0,0,0,0,False,False
388,0,8,0,0,0,0,False,False
242,0,5,0,0,0,0,False,False
388,0,8,0,0,0,0,False,False
389,0,8,0,0,0,0,False,False
312,0,9,0,0,0,0,False,False
329,1,18,0,1,1,0,True,False
657,1,32,2,1,1,0,True,False
688,1,38,2,1,1,0,True,False
1868,1,43,1,1,1,0,False,False
764,1,30,12,1,1,0,True,False
1338,0,29,0,0,0,0,False,False
767,3,51,0,3,1,3,True,False
456,0,44,0,0,0,0,False,False
370,1,18,0,1,1,0,False,False
372,1,20,0,1,1,0,True,False
290,1,18,0,1,1,0,True,False
276,1,18,0,1,1,0,True,False
253,1,23,1,1,1,0,True,False
635,0,38,0,0,0,0,False,False
87,1,11,0,1,1,0,True,False
440,1,20,0,1,1,0,True,False
135,1,17,1,1,1,0,True,False
198,1,23,1,1,1,0,True,False
1132,0,21,2,0,0,0,False,False
580,0,30,0,0,0,0,True,False
464,1,21,1,1,1,0,True,False
211,1,16,0,1,1,0,True,False
7364,5,63,3,5,1,0,True,False
781,0,30,1,0,0,0,True,False
883,1,36,10,1,1,0,True,False
97,0,5,0,0,0,0,False,False
752,2,26,7,2,1,0,True,False
435,1,21,5,1,1,0,True,False
258,1,19,0,1,1,0,True,False
309,1,12,0,1,1,0,True,False
269,1,25,1,1,1,0,True,False
229,1,22,1,1,1,0,True,False
346,1,22,1,1,1,0,True,False
107,1,11,0,1,1,0,True,False
1546,8,84,0,8,3,0,True,False
204,1,16,1,1,1,0,True,False
233,1,16,0,1,1,0,True,False
235,1,20,1,1,1,0,True,False
130,1,17,1,1,1,0,True,False
416,1,20,1,1,1,0,True,False
275,1,18,0,1,1,0,True,False
272,0,7,0,0,0,0,False,False
379,1,23,2,1,1,0,True,False
442,0,42,0,0,0,0,False,False
269,0,6,0,0,0,0,False,False
442,1,23,6,1,1,0,True,False
767,2,36,2,2,1,0,True,False
185,1,20,1,1,1,0,True,False
276,1,20,1,1,1,0,True,False
135,0,8,1,0,0,0,False,False
604,1,19,1,1,1,0,True,False
161,0,2,0,0,0,0,False,False
755,0,26,1,0,0,1,False,False
185,0,5,0,0,0,0,False,False
1965,0,48,0,0,0,0,False,False
390,0,27,0,0,0,0,True,False
393,0,13,0,0,0,0,False,False
764,1,24,1,1,1,0,True,False
238,1,20,1,1,1,0,True,False
1028,2,30,2,1,1,0,True,False
497,1,22,3,1,1,0,True,False
325,0,17,0,0,0,0,False,False
87,0,1,0,0,0,0,False,False
1329,2,145,3,2,2,0,True,False
278,0,9,0,0,0,0,False,False
410,0,14,0,0,0,0,False,False
321,0,8,0,0,0,0,False,False
603,1,34,0,1,1,0,True,False
263,0,12,0,0,0,0,True,False
631,2,33,5,2,2,1,True,False
143,0,1,0,0,0,0,False,False
373,0,8,0,0,0,0,False,False
248,0,11,0,0,0,0,False,False
380,0,8,0,0,0,0,False,False
598,0,38,1,0,0,0,True,False
751,2,36,2,2,1,0,True,False
430,0,11,1,0,0,0,False,False
935,2,44,4,2,1,1,True,False
320,0,13,0,0,0,0,False,False
597,0,10,0,0,0,0,False,False
890,0,23,0,0,0,0,False,False
1026,7,49,5,7,4,0,True,False
69,0,3,0,0,0,0,False,False
218,0,6,0,0,0,0,False,False
304,0,7,0,0,0,0,False,False
659,1,17,0,1,1,0,False,False
356,1,24,1,1,1,0,True,False
262,1,16,0,1,1,0,True,False
772,0,14,0,0,0,0,False,False
2315,0,43,3,0,0,0,False,False
612,0,21,0,0,0,0,False,False
1186,3,54,3,3,2,0,True,False
844,0,158,5,0,0,0,False,False
149,0,8,0,0,0,0,False,False
137,0,3,1,0,0,0,False,False
562,1,24,6,1,1,0,True,False
478,1,24,4,1,1,0,True,False
886,2,56,2,2,1,0,True,False
1328,2,145,3,2,2,0,True,False
361,0,13,1,0,0,0,False,False
499,1,13,0,1,1,0,True,False
384,0,8,1,0,0,0,False,False
118,0,4,0,0,0,0,False,False
235,0,3,0,0,0,0,False,False
1519,0,30,2,0,0,0,False,False
422,0,15,2,0,0,0,False,False
402,0,14,1,0,0,0,False,False
225,0,16,1,0,0,0,False,False
229,1,7,1,1,1,0,True,False
1284,3,42,3,3,1,0,True,False
815,0,26,3,0,0,0,False,False
933,0,72,1,0,0,0,False,False
515,1,14,8,1,1,0,True,False
520,1,14,8,1,1,0,True,False
674,1,17,8,1,1,0,True,False
333,1,14,0,1,1,0,True,False
290,0,5,0,0,0,0,False,False
690,1,42,0,1,1,0,True,False
154,0,3,0,0,0,0,False,False
206,0,11,1,0,0,0,False,False
709,0,19,7,0,0,0,False,False
628,0,12,2,0,0,0,False,False
807,2,38,2,2,1,0,True,False
102,0,4,0,0,0,0,False,False
68,0,4,1,0,0,0,False,False
2870,0,74,6,0,0,0,False,False
597,0,17,0,0,0,0,False,False
659,1,34,0,1,1,0,True,False
519,0,26,0,0,0,0,False,False
2004,0,40,4,0,0,0,False,False
200,0,6,1,0,0,0,False,False
3565,0,100,2,0,0,0,False,False
192,0,4,0,0,0,0,False,False
4925,0,81,4,0,0,0,False,False
324,0,9,1,0,0,0,False,False
3838,0,60,5,0,0,0,False,False
506,0,12,0,0,0,0,False,False
851,0,24,0,0,0,0,False,False
997,0,27,0,0,0,0,False,False
512,1,22,4,1,1,0,True,False
1318,0,40,2,0,0,1,False,False
282,1,12,2,1,1,0,True,False
2097,0,181,0,0,0,0,True,False
1304,1,36,1,1,1,0,False,False
438,0,16,0,0,0,0,False,False
422,0,11,0,0,0,0,False,False
614,0,18,0,0,0,0,False,False
263,0,8,0,0,0,0,False,False
1553,0,63,1,0,0,0,True,False
271,0,5,0,0,0,0,False,False
2317,0,67,1,0,0,0,True,False
2810,0,34,2,0,0,0,False,False
325,0,8,0,0,0,0,False,False
168,1,9,2,1,1,0,True,False
2518,0,46,5,0,0,0,False,False
512,1,23,2,1,1,0,True,False
387,0,16,0,0,0,0,True,False
132,1,9,2,1,1,0,True,False
1161,0,28,3,0,0,0,False,False
332,1,23,1,1,1,0,True,False
1200,3,60,3,3,1,0,True,False
468,2,23,5,2,2,0,True,False
222,0,15,0,0,0,0,True,False
285,1,20,1,1,1,0,True,False
341,1,21,1,1,1,0,True,False
395,1,25,1,1,1,0,True,False
162,0,7,0,0,0,0,False,False
371,0,7,0,0,0,0,False,False
221,0,5,0,0,0,0,False,False
353,1,23,1,1,1,0,True,False
310,1,20,0,1,1,0,True,False
200,0,11,0,0,0,0,False,False
1807,0,51,2,0,0,0,False,False
849,0,15,0,0,0,0,False,False
359,1,17,2,1,1,0,True,False
145,1,6,2,1,1,0,True,False
504,2,16,5,2,2,1,True,False
953,0,29,1,0,0,0,True,False
927,2,42,13,2,1,0,True,False
849,0,30,1,0,0,0,False,False
206,0,3,0,0,0,0,False,False
707,1,21,1,1,1,0,False,False
571,2,22,1,2,2,0,True,False
452,0,22,0,0,0,0,True,False
558,2,16,0,2,1,0,True,False
323,1,24,0,1,1,0,True,False
394,1,24,1,1,1,0,True,False
363,1,26,1,1,1,0,True,False
425,1,24,2,1,1,0,True,False
575,0,41,1,0,0,0,False,False
2289,1,315,0,1,1,0,True,False
154,0,6,0,0,0,0,False,False
155,0,7,0,0,0,0,False,False
294,1,20,1,1,1,0,True,False
344,1,21,1,1,1,0,True,False
379,1,26,1,1,1,0,True,False
1037,1,41,1,1,1,0,True,False
3241,3,226,1,3,3,0,True,False
253,1,17,1,1,1,0,True,False
257,1,18,0,1,1,0,True,False
255,1,16,0,1,1,0,True,False
414,1,20,1,1,1,0,True,False
464,1,21,1,1,1,0,True,False
563,0,32,0,0,0,0,False,False
601,0,3,0,0,0,0,False,False
649,1,36,0,1,1,0,True,False
485,1,17,3,1,1,0,True,False
4106,3,37,3,3,1,0,True,False
252,0,10,0,0,0,0,False,False
320,1,24,0,1,1,0,True,False
444,0,7,1,0,0,0,False,False
410,0,7,0,0,0,0,False,False
127,0,5,0,0,0,0,False,False
227,0,6,0,0,0,0,False,False
822,0,25,4,0,0,0,False,False
801,0,19,4,0,0,0,False,False
1247,0,43,3,0,0,0,False,False
121,0,3,0,0,0,0,False,False
15,0,0,0,0,0,0,False,False
149,0,4,0,0,0,0,False,False
559,0,29,1,0,0,0,False,False
811,3,31,0,3,2,0,True,False
282,1,10,0,1,1,0,True,False
858,0,30,1,0,0,0,False,False
109,0,5,0,0,0,0,False,False
259,0,8,0,0,0,0,False,False
258,0,8,0,0,0,0,False,False
997,0,36,1,0,0,0,True,False
810,2,38,2,2,1,0,True,False
568,1,12,1,1,1,0,True,False
1785,0,46,0,0,0,0,False,False
638,0,14,0,0,0,0,False,False
194,0,5,0,0,0,0,False,False
1145,1,30,9,1,1,0,True,False
234,0,10,0,0,0,0,False,False
162,0,6,1,0,0,0,False,False
118,0,7,0,0,0,0,False,False
148,0,10,0,0,0,0,False,False
157,0,7,0,0,0,0,False,False
240,1,17,1,1,1,0,True,False
170,0,6,0,0,0,0,False,False
141,0,7,0,0,0,0,False,False
661,0,22,2,0,0,0,False,False
131,0,5,0,0,0,0,False,False
156,0,3,1,0,0,0,False,False
445,0,12,0,0,0,0,False,False
1555,0,63,1,0,0,0,True,False
809,1,37,1,1,1,0,True,False
253,0,14,0,0,0,0,True,False
211,0,6,1,0,0,0,False,False
125,0,13,0,0,0,0,False,False
236,0,7,0,0,0,0,False,False
531,1,11,1,1,1,0,False,False
233,0,7,0,0,0,0,False,False
233,0,7,0,0,0,0,False,False
59,0,1,0,0,0,0,False,False
327,0,10,0,0,0,0,False,False
205,0,3,1,0,0,0,False,False
354,1,18,1,1,1,0,True,False
499,1,23,0,1,1,0,False,False
1048,0,33,0,0,0,0,False,False
683,0,127,0,0,0,0,False,False
358,0,32,0,0,0,0,False,False
615,0,40,1,0,0,0,False,False
588,0,10,4,0,0,0,False,False
372,0,13,0,0,0,0,False,False
370,0,13,0,0,0,0,False,False
217,0,5,0,0,0,0,False,False
544,0,19,0,0,0,0,False,False
388,1,24,0,1,1,0,True,False
704,0,25,1,0,0,0,False,False
1521,0,26,0,0,0,0,False,False
1081,3,40,1,3,1,0,True,False
397,1,12,4,1,1,0,True,False
220,0,2,1,0,0,0,False,False
185,0,5,0,0,0,0,False,False
214,0,7,0,0,0,0,False,False
2417,2,74,11,2,1,0,False,False
680,1,28,0,1,1,0,True,False
575,0,14,0,0,0,0,False,False
2968,3,35,4,3,2,0,True,False
1960,1,237,3,1,1,0,True,False
66,0,2,1,0,0,0,False,False
244,0,5,1,0,0,0,False,False
140,0,4,1,0,0,0,False,False
65,0,1,1,0,0,0,False,False
295,0,11,0,0,0,0,False,False
147,0,6,1,0,0,0,False,False
578,1,20,0,1,1,0,True,False
614,1,22,0,1,1,0,True,False
1030,4,63,3,2,1,0,True,False
2319,0,36,0,0,0,0,False,False
218,0,5,0,0,0,0,False,False
513,0,12,0,0,0,0,False,False
213,0,21,0,0,0,0,False,False
842,4,52,1,4,3,0,True,False
176,0,5,0,0,0,0,False,False
919,3,53,7,3,1,0,True,False
1146,0,31,0,0,0,0,False,False
1590,0,47,2,0,0,0,False,False
113,0,11,0,0,0,0,True,False
272,1,17,0,1,1,0,False,False
116,0,4,0,0,0,0,False,False
956,0,31,0,0,0,0,False,False
203,0,5,0,0,0,0,False,False
342,0,7,1,0,0,0,False,False
1096,0,22,1,0,0,0,False,False
4277,3,42,1,3,1,0,True,False
1413,0,30,4,0,0,0,False,False
849,1,29,3,1,1,0,True,False
50,0,1,1,0,0,0,False,False
919,1,21,3,1,1,0,True,False
588,0,11,0,0,0,0,False,False
1526,0,37,2,0,0,0,False,False
132,0,5,1,0,0,0,False,False
2319,2,76,11,2,2,0,True,False
1993,2,47,11,2,2,0,True,False
633,1,25,1,1,1,1,True,False
220,0,5,1,0,0,0,False,False
577,0,28,0,0,0,0,False,False
290,0,8,0,0,0,0,False,False
696,2,35,5,2,2,0,True,False
990,1,30,1,1,1,0,True,False
990,1,30,1,1,1,0,True,False
517,0,19,0,0,0,0,True,False
371,0,16,0,0,0,0,True,False
348,0,11,1,0,0,0,False,False
707,1,17,1,1,1,0,True,False
136,0,4,0,0,0,0,False,False
411,0,8,0,0,0,0,False,False
312,1,11,1,1,1,0,True,False
628,0,20,1,0,0,0,True,False
330,1,18,1,1,1,0,True,False
952,0,21,1,0,0,0,False,False
445,0,14,4,0,0,0,False,False
41,0,0,1,0,0,0,False,False
1182,0,38,0,0,0,0,False,False
2117,0,342,4,0,0,0,False,False
278,0,18,0,0,0,0,True,False
393,1,15,4,1,1,1,True,False
1913,10,132,0,10,1,0,True,False
1886,10,129,0,10,1,0,True,False
1210,1,12,0,1,1,0,False,False
380,1,15,4,1,1,1,True,False
325,1,22,0,1,1,0,True,False
252,0,7,0,0,0,0,False,False
1145,1,44,2,1,1,0,True,False
355,1,15,0,1,1,0,True,False
324,0,13,0,0,0,0,False,False
990,0,31,0,0,0,0,True,False
861,0,38,3,0,0,0,False,False
171,0,3,0,0,0,0,False,False
167,0,3,0,0,0,0,False,False
645,1,24,0,1,1,0,True,False
21,0,0,0,0,0,0,False,False
526,1,17,11,1,1,0,True,False
255,0,5,0,0,0,0,False,False
1576,0,36,4,0,0,0,False,False
165,0,3,0,0,0,0,False,False
61,0,2,0,0,0,0,False,False
1480,3,62,3,2,2,0,False,False
850,0,25,0,0,0,0,True,False
417,0,11,0,0,0,0,False,False
336,0,9,0,0,0,0,False,False
400,0,11,0,0,0,0,False,False
1561,0,41,0,0,0,0,True,False
811,0,18,0,0,0,0,False,False
273,0,10,0,0,0,0,False,False
4153,0,67,5,0,0,0,False,False
1930,2,44,5,2,1,0,True,False
763,0,11,1,0,0,0,False,False
2564,0,49,0,0,0,0,False,False
2294,0,42,1,0,0,0,False,False
304,0,5,0,0,0,0,False,False
156,0,8,0,0,0,0,False,False
519,0,20,0,0,0,0,False,False
677,1,25,2,1,1,0,True,False
234,1,7,5,1,1,0,True,False
517,0,21,0,0,0,0,False,False
1124,2,61,0,2,2,0,True,False
136,0,4,1,0,0,0,False,False
538,3,35,8,1,1,0,True,False
588,0,16,0,0,0,0,False,False
302,0,14,0,0,0,0,False,False
783,1,28,3,1,1,0,True,False
2530,0,42,0,0,0,0,False,False
928,1,26,4,1,1,0,True,False
1141,0,34,0,0,0,0,False,False
656,1,29,7,1,1,0,True,False
416,0,10,0,0,0,0,False,False
924,3,38,1,3,2,0,True,False
261,0,5,0,0,0,0,False,False
1161,3,56,1,3,2,0,True,False
156,0,3,0,0,0,0,False,False
1903,0,68,4,0,0,0,True,False
902,1,26,3,1,1,0,True,False
899,1,26,3,1,1,0,True,False
176,0,3,1,0,0,0,False,False
224,0,5,0,0,0,0,False,False
803,1,17,7,1,1,0,True,False
694,0,30,2,0,0,0,False,False
656,1,21,1,1,1,0,True,False
575,0,20,0,0,0,0,True,False
443,1,14,8,1,1,1,True,False
375,0,7,4,0,0,0,False,False
798,1,21,6,1,1,0,True,False
1633,0,51,1,0,0,0,False,False
78,0,2,0,0,0,0,False,False
872,0,32,1,0,0,0,True,False
1127,4,83,4,4,2,0,True,False
301,1,21,0,1,1,0,False,False
732,1,15,1,1,1,0,True,False
1328,0,710,4,0,0,0,False,False
1699,4,32,6,4,2,0,True,False
121,0,3,0,0,0,0,False,False
208,0,5,0,0,0,0,False,False
343,1,10,0,1,1,0,True,False
313,0,9,0,0,0,0,False,False
582,0,23,0,0,0,0,False,False
56,0,3,0,0,0,0,False,False
167,0,9,0,0,0,0,False,False
343,0,6,0,0,0,0,False,False
348,0,7,0,0,0,0,False,False
762,0,27,1,0,0,0,False,False
62,0,2,0,0,0,0,False,False
648,2,21,1,2,1,0,True,False
567,1,26,3,1,1,0,True,False
59,0,2,0,0,0,0,False,False
1790,0,50,2,0,0,0,False,False
344,0,6,0,0,0,0,False,False
300,1,22,4,1,1,0,True,False
118,0,7,0,0,0,0,False,False
80,0,4,0,0,0,0,False,False
1555,1,11,1,1,1,0,False,False
272,0,8,0,0,0,0,False,False
1624,0,61,2,0,0,0,True,False
1293,0,294,3,0,0,0,False,False
467,0,16,0,0,0,0,False,False
367,0,12,3,0,0,0,True,False
49,0,2,0,0,0,0,False,False
62,0,5,0,0,0,0,False,False
1775,2,50,9,2,2,0,True,False
1288,5,78,0,5,4,0,True,False
166,0,3,0,0,0,0,False,False
188,0,5,0,0,0,0,False,False
1347,3,185,7,2,2,0,True,False
1325,3,179,7,2,2,0,True,False
355,0,6,0,0,0,0,False,False
368,1,22,3,1,1,0,True,False
273,0,7,0,0,0,0,False,False
43,0,1,0,0,0,0,False,False
463,0,11,0,0,0,0,False,False
1147,1,43,1,1,1,0,True,False
280,0,12,0,0,0,0,False,False
604,1,21,0,1,1,0,True,False
1453,0,52,2,0,0,0,False,False
167,0,9,0,0,0,0,False,False
851,2,21,3,1,1,0,True,False
1397,0,37,4,0,0,1,False,False
541,1,21,1,1,1,0,True,False
386,1,18,1,1,1,0,True,False
542,0,11,0,0,0,0,False,False
127,0,3,0,0,0,0,False,False
190,0,5,0,0,0,0,False,False
453,0,20,2,0,0,0,False,False
19,0,0,0,0,0,0,False,False
364,0,12,0,0,0,0,True,False
857,0,27,3,0,0,0,False,False
947,3,49,0,3,2,0,True,False
958,0,24,0,0,0,0,False,False
749,1,28,0,1,1,0,True,False
1206,0,35,1,0,0,0,False,False
490,1,22,6,1,1,0,True,False
623,1,25,6,1,1,0,True,False
470,1,22,6,1,1,0,True,False
876,1,29,2,1,1,0,True,False
1038,1,28,2,1,1,0,True,False
1638,0,43,3,0,0,0,False,False
275,1,5,1,1,1,0,True,False
77,0,3,0,0,0,0,False,False
515,0,18,1,0,0,0,False,False
535,1,14,0,1,1,0,False,False
539,0,18,0,0,0,0,False,False
30,0,0,0,0,0,0,False,False
92,0,2,0,0,0,0,False,False
944,0,14,1,0,0,0,False,False
811,0,20,0,0,0,0,True,False
1547,0,29,0,0,0,0,False,False
335,0,12,0,0,0,0,False,False
859,0,16,0,0,0,0,False,False
178,0,9,0,0,0,0,False,False
3361,14,530,4,14,1,0,True,False
479,1,20,1,1,1,0,False,False
174,0,11,0,0,0,0,False,False
155,0,9,0,0,0,0,False,False
133,0,4,0,0,0,0,False,False
250,0,9,0,0,0,0,False,False
560,0,9,0,0,0,0,False,False
262,1,17,0,1,1,0,False,False
5830,23,208,24,23,1,0,True,False
9221,15,192,13,14,3,0,True,False
164,0,3,0,0,0,0,False,False
115,1,8,0,1,1,0,True,False
219,0,6,0,0,0,0,False,False
21,0,0,0,0,0,0,False,False
278,1,17,0,1,1,0,False,False
222,0,5,0,0,0,0,False,False
221,0,5,0,0,0,0,False,False
218,0,5,0,0,0,0,False,False
222,0,5,0,0,0,0,False,False
218,0,5,0,0,0,0,False,False
168,0,3,0,0,0,0,False,False
224,0,5,0,0,0,0,False,False
165,0,3,0,0,0,0,False,False
175,0,6,0,0,0,0,False,False
20,0,0,0,0,0,0,False,False
164,0,3,0,0,0,0,False,False
122,1,3,1,1,1,0,False,False
396,1,26,4,1,1,0,True,False
1576,0,33,0,0,0,0,False,False
621,0,10,1,0,0,0,False,False
899,0,21,0,0,0,0,False,False
385,1,22,3,1,1,0,True,False
1701,4,77,2,4,3,0,True,False
308,0,8,1,0,0,0,False,False
516,0,17,0,0,0,0,False,False
77,0,2,0,0,0,0,False,False
250,0,8,1,0,0,0,False,False
2037,4,31,4,4,1,0,True,False
2211,4,45,4,4,1,0,True,False
581,1,18,7,1,1,0,True,False
228,0,3,1,0,0,0,False,False
1154,0,28,0,0,0,0,False,False
472,1,9,1,1,1,0,True,False
1261,1,8,0,1,1,0,True,False
472,1,9,1,1,1,0,True,False
1260,1,10,0,1,1,0,True,False
1114,1,5,0,1,1,0,True,False
1135,1,6,0,1,1,0,True,False
1115,1,6,0,1,1,0,True,False
1247,1,8,0,1,1,0,True,False
1092,1,5,0,1,1,0,True,False
1094,1,5,0,1,1,0,True,False
1138,1,5,0,1,1,0,True,False
1148,1,6,0,1,1,0,True,False
1206,1,8,0,1,1,0,True,False
10371,12,312,2,12,5,0,True,False
581,1,31,1,1,1,0,False,False
2378,1,55,0,1,1,0,False,False
120,0,4,0,0,0,0,False,False
421,1,23,1,1,1,0,False,False
298,1,18,2,1,1,0,True,False
175,0,7,1,0,0,0,False,False
1018,3,56,4,3,1,0,True,False
401,0,18,0,0,0,0,False,False
370,0,16,0,0,0,0,False,False
1269,1,10,0,1,1,0,True,False
366,1,20,5,1,1,0,True,False
862,0,22,0,0,0,0,False,False
860,0,14,1,0,0,0,False,False
387,0,8,0,0,0,0,False,False
415,0,18,1,0,0,0,False,False
775,3,27,7,1,1,0,True,False
1575,0,77,1,0,0,0,False,False
420,0,18,0,0,0,0,True,False
67,0,2,0,0,0,0,False,False
99,0,1,0,0,0,0,False,False
248,0,5,0,0,0,0,False,False
577,0,26,0,0,0,0,False,False
224,0,14,1,0,0,0,False,False
216,0,5,0,0,0,0,False,False
198,0,3,0,0,0,0,False,False
346,2,17,3,2,2,0,True,False
716,1,15,1,1,1,0,True,False
327,1,7,0,1,1,0,True,False
476,0,19,0,0,0,0,False,False
476,0,19,0,0,0,0,False,False
472,1,9,1,1,1,0,True,False
1274,1,24,2,1,1,0,True,False
1699,0,65,2,0,0,0,False,False
628,1,24,7,1,1,0,True,False
488,1,14,2,1,1,0,True,False
1694,0,34,0,0,0,0,False,False
1426,0,61,1,0,0,0,False,False
1274,5,80,1,5,4,0,True,False
1092,0,26,0,0,0,0,False,False
1431,0,33,0,0,0,0,False,False
1410,0,27,0,0,0,0,False,False
1620,0,50,5,0,0,0,True,False
308,1,24,4,1,1,0,True,False
454,0,7,0,0,0,0,False,False
1117,0,66,5,0,0,0,False,False
1212,2,38,0,2,1,0,True,False
1244,0,30,6,0,0,1,False,False
509,0,23,0,0,0,0,False,False
221,0,7,0,0,0,0,False,False
937,0,26,3,0,0,1,False,False
736,1,19,2,1,1,0,True,False
393,0,28,0,0,0,0,False,False
340,1,11,2,1,1,0,True,False
1148,0,37,1,0,0,0,False,False
517,0,11,1,0,0,0,False,False
12862,26,258,22,26,1,0,True,False
1151,1,32,1,1,1,0,True,False
1659,0,36,3,0,0,0,False,False
1043,1,27,1,1,1,0,True,False
1696,0,16,5,0,0,0,False,False
1071,0,28,3,0,0,0,False,False
533,0,24,1,0,0,0,False,False
1821,0,13,5,0,0,0,False,False
269,0,6,0,0,0,0,False,False
1054,0,23,2,0,0,0,False,False
285,2,10,2,2,2,0,True,False
818,3,50,1,3,2,0,True,False
69,0,2,0,0,0,0,False,False
527,0,11,1,0,0,0,False,False
1013,1,27,0,1,1,0,False,False
948,5,55,0,5,3,0,True,False
784,0,20,0,0,0,0,False,False
2154,1,64,5,1,1,0,True,False
815,1,30,2,1,1,0,True,False
184,1,12,0,1,1,0,True,False
835,2,34,0,2,2,0,True,False
2403,0,75,0,0,0,0,False,False
1225,0,36,2,0,0,1,False,False
651,1,31,3,1,1,0,True,False
572,0,11,0,0,0,0,False,False
58,0,2,0,0,0,0,False,False
336,0,17,0,0,0,0,False,False
17,0,0,0,0,0,0,False,False
19,0,0,0,0,0,0,False,False
161,0,3,0,0,0,0,False,False
28,0,0,0,0,0,0,False,False
165,0,3,0,0,0,0,False,False
407,0,13,0,0,0,0,False,False
404,0,8,0,0,0,0,False,False
125,1,7,3,1,1,0,True,False
1076,3,60,4,3,1,0,True,False
250,1,11,4,1,1,0,True,False
161,0,3,0,0,0,0,False,False
17,0,0,0,0,0,0,False,False
1000,1,76,0,1,1,0,True,False
275,2,19,2,2,2,0,False,False
982,1,70,0,1,1,0,True,False
444,0,8,0,0,0,0,False,False
19,0,0,0,0,0,0,False,False
161,0,3,0,0,0,0,False,False
208,0,6,0,0,0,0,False,False
561,0,11,0,0,0,0,False,False
1048,2,26,4,2,1,0,True,False
2969,9,107,1,9,3,0,True,False
894,6,59,6,6,2,0,True,False
640,0,11,1,0,0,0,False,False
326,1,10,3,1,1,0,True,False
1688,0,41,0,0,0,0,False,False
1408,0,28,1,0,0,0,False,False
278,1,7,3,1,1,0,True,False
291,0,8,0,0,0,0,False,False
426,1,21,0,1,1,0,True,False
915,0,30,1,0,0,0,False,False
606,0,24,0,0,0,0,False,False
441,0,18,0,0,0,0,False,False
186,0,8,0,0,0,0,False,False
158,0,6,0,0,0,0,False,False
170,0,8,0,0,0,0,False,False
817,0,25,0,0,0,0,False,False
1088,0,19,0,0,0,0,False,False
2652,10,86,11,10,3,0,True,False
796,2,24,3,2,1,0,True,False
106,0,1,0,0,0,0,False,False
159,0,3,0,0,0,0,False,False
660,1,18,2,1,1,0,True,False
366,2,29,2,1,1,0,True,False
495,2,26,2,1,1,0,True,False
193,1,8,5,1,1,0,True,False
796,0,20,1,0,0,0,False,False
386,1,13,4,1,1,0,True,False
680,0,14,0,0,0,0,False,False
159,0,3,0,0,0,0,False,False
419,0,10,0,0,0,0,False,False
746,0,22,0,0,0,0,False,False
81,0,0,0,0,0,0,False,False
63,0,4,0,0,0,0,False,False
345,1,17,0,1,1,0,False,False
383,1,16,2,1,1,0,False,False
737,1,19,0,1,1,0,False,False
844,4,29,3,4,3,0,False,False
65,0,2,0,0,0,0,False,False
324,0,11,0,0,0,0,False,False
256,0,9,0,0,0,0,False,False
244,0,8,0,0,0,0,False,False
770,0,34,0,0,0,0,False,False
1720,0,43,1,0,0,0,False,False
1056,1,41,2,1,1,0,False,False
191,0,10,0,0,0,0,False,False
542,1,13,1,1,1,0,False,False
166,0,7,2,0,0,0,False,False
298,1,14,1,1,1,0,False,False
442,1,19,1,1,1,0,False,False
459,1,10,0,1,1,0,False,False
371,0,13,0,0,0,0,False,False
323,0,9,0,0,0,0,False,False
802,0,33,0,0,0,0,False,False
1290,0,38,0,0,0,0,False,False
1330,0,34,2,0,0,0,False,False
93,0,7,0,0,0,0,False,False
229,0,6,0,0,0,0,False,False
827,0,56,0,0,0,0,False,False
1676,0,187,1,0,0,0,False,False
782,1,18,0,1,1,0,False,False
1313,3,47,2,3,2,0,False,False
281,0,8,0,0,0,0,False,False
392,2,13,1,2,1,0,False,False
232,0,5,0,0,0,0,False,False
377,1,5,2,1,1,0,False,False
2699,0,45,3,0,0,0,False,False
7,0,0,0,0,0,0,False,False
561,1,23,5,1,1,0,False,False
552,1,21,5,1,1,0,False,False
550,1,11,1,1,1,0,False,False
590,1,13,5,1,1,0,False,False
532,2,13,2,2,2,0,False,False
